Federal organization,Fiscal year,GHG source,GHG scope,Energy category,Energy use (GJ),Emissions (t)
Agriculture and Agri-Food Canada,FY 2005-06,facilities,2,electricity,524494.1065,54100.25373
Agriculture and Agri-Food Canada,FY 2005-06,facilities,1,natural gas,446241.3017,22229.48008
Agriculture and Agri-Food Canada,FY 2005-06,facilities,2,district energy,154568,11203.65196
Agriculture and Agri-Food Canada,FY 2005-06,fleets,1,gasoline,73844.05779,4540.532151
Agriculture and Agri-Food Canada,FY 2005-06,facilities,1,"fuel oil (1, 2, 4, 5, 6, diesel, kerosene)",59955.49569,4271.967786
Agriculture and Agri-Food Canada,FY 2005-06,fleets,1,"fuel oil (1, 2, 4, 5, 6, diesel, kerosene)",41332.3642,2915.521965
Agriculture and Agri-Food Canada,FY 2005-06,fleets,1,fuels with renewable content,14431.98297,591.2746769
Agriculture and Agri-Food Canada,FY 2005-06,facilities,1,liquified petroleum gas,1769.303143,107.9541955
Agriculture and Agri-Food Canada,FY 2005-06,fleets,1,liquified petroleum gas,68.28638,4.15583732
Agriculture and Agri-Food Canada,FY 2010-11,facilities,2,Electricity,469326.7928,46228.79886
Agriculture and Agri-Food Canada,FY 2010-11,facilities,1,Natural gas,487357.7284,24291.45813
Agriculture and Agri-Food Canada,FY 2010-11,facilities,2,District energy,121579.1206,9297.939279
Agriculture and Agri-Food Canada,FY 2010-11,facilities,1,"Fuel oil (1, 2, 4, 5, 6, diesel, kerosene)",43348.97408,3085.821299
Agriculture and Agri-Food Canada,FY 2010-11,fleets,1,"Fuel oil (1, 2, 4, 5, 6, diesel, kerosene)",42780.6021,3017.765362
Agriculture and Agri-Food Canada,FY 2010-11,fleets,1,Gasoline,40747.665,2611.819489
Agriculture and Agri-Food Canada,FY 2010-11,fleets,1,Fuels with renewable content,17497.65114,843.4562475
Agriculture and Agri-Food Canada,FY 2010-11,facilities,1,Liquified petroleum gas,1041.673546,63.5457904
Agriculture and Agri-Food Canada,FY 2010-11,fleets,1,Natural gas,0.029108,0.001660611
Agriculture and Agri-Food Canada,FY 2011-12,facilities,2,Electricity,459553.8852,40389.6687
Agriculture and Agri-Food Canada,FY 2011-12,facilities,1,Natural gas,451914.4942,22524.85469
Agriculture and Agri-Food Canada,FY 2011-12,facilities,2,District energy,113769,8744.630027
Agriculture and Agri-Food Canada,FY 2011-12,fleets,1,Gasoline,49424.662,3167.89776
Agriculture and Agri-Food Canada,FY 2011-12,fleets,1,"Fuel oil (1, 2, 4, 5, 6, diesel, kerosene)",43460.4095,3045.351771
Agriculture and Agri-Food Canada,FY 2011-12,facilities,1,"Fuel oil (1, 2, 4, 5, 6, diesel, kerosene)",42760.4712,3043.928388
Agriculture and Agri-Food Canada,FY 2011-12,fleets,1,Fuels with renewable content,21330.05094,1187.84725
Agriculture and Agri-Food Canada,FY 2011-12,facilities,1,Liquified petroleum gas,866.96874,52.888176
Agriculture and Agri-Food Canada,FY 2011-12,fleets,1,Liquified petroleum gas,23.23458,1.41403212
Agriculture and Agri-Food Canada,FY 2011-12,fleets,1,Natural gas,0.006194,0.000353368
Agriculture and Agri-Food Canada,FY 2012-13,facilities,2,Electricity,463884.786,42524.77905
Agriculture and Agri-Food Canada,FY 2012-13,facilities,1,Natural gas,472787.1224,23565.21282
Agriculture and Agri-Food Canada,FY 2012-13,facilities,2,District energy,85865,7000.946186
Agriculture and Agri-Food Canada,FY 2012-13,fleets,1,Gasoline,53793.18875,3448.622317
Agriculture and Agri-Food Canada,FY 2012-13,facilities,1,"Fuel oil (1, 2, 4, 5, 6, diesel, kerosene)",38482.8953,2739.64831
Agriculture and Agri-Food Canada,FY 2012-13,fleets,1,"Fuel oil (1, 2, 4, 5, 6, diesel, kerosene)",36279.80267,2540.648482
Agriculture and Agri-Food Canada,FY 2012-13,fleets,1,Fuels with renewable content,18272.93625,1018.633777
Agriculture and Agri-Food Canada,FY 2012-13,facilities,1,Liquified petroleum gas,2605.58857,158.950168
Agriculture and Agri-Food Canada,FY 2012-13,fleets,1,Liquified petroleum gas,60.66807,3.69219498
Agriculture and Agri-Food Canada,FY 2012-13,fleets,1,Natural gas,0.010754,0.000613516
Agriculture and Agri-Food Canada,FY 2013-14,facilities,2,Electricity,455846.6052,37340.02912
Agriculture and Agri-Food Canada,FY 2013-14,facilities,1,Natural gas,540121.8912,26921.3917
Agriculture and Agri-Food Canada,FY 2013-14,facilities,2,District energy,81635.4,6734.88815
Agriculture and Agri-Food Canada,FY 2013-14,fleets,1,"Fuel oil (1, 2, 4, 5, 6, diesel, kerosene)",43602.27099,3062.184135
Agriculture and Agri-Food Canada,FY 2013-14,facilities,1,"Fuel oil (1, 2, 4, 5, 6, diesel, kerosene)",42152.1492,3000.843948
Agriculture and Agri-Food Canada,FY 2013-14,fleets,1,Gasoline,43037.78955,2758.349001
Agriculture and Agri-Food Canada,FY 2013-14,fleets,1,Fuels with renewable content,16170.98017,930.8289252
Agriculture and Agri-Food Canada,FY 2013-14,facilities,1,Liquified petroleum gas,2785.49205,169.92492
Agriculture and Agri-Food Canada,FY 2013-14,fleets,1,Liquified petroleum gas,58.840688,3.580982432
Agriculture and Agri-Food Canada,FY 2014-15,facilities,2,Electricity,427400.6487,35417.75366
Agriculture and Agri-Food Canada,FY 2014-15,facilities,1,Natural gas,518947.2894,25865.98225
Agriculture and Agri-Food Canada,FY 2014-15,facilities,2,District energy,50390,4182.11805
Agriculture and Agri-Food Canada,FY 2014-15,facilities,1,"Fuel oil (1, 2, 4, 5, 6, diesel, kerosene)",45312.71353,3230.888547
Agriculture and Agri-Food Canada,FY 2014-15,fleets,1,"Fuel oil (1, 2, 4, 5, 6, diesel, kerosene)",36849.08425,2582.923652
Agriculture and Agri-Food Canada,FY 2014-15,fleets,1,Gasoline,31558.3345,2022.614458
Agriculture and Agri-Food Canada,FY 2014-15,fleets,1,Fuels with renewable content,18779.75426,1085.674583
Agriculture and Agri-Food Canada,FY 2014-15,facilities,1,Liquified petroleum gas,1396.620986,85.1988464
Agriculture and Agri-Food Canada,FY 2014-15,fleets,1,Liquified petroleum gas,11.614759,0.706862026
Agriculture and Agri-Food Canada,FY 2014-15,fleets,1,Natural gas,1.14522006,0.065334804
Agriculture and Agri-Food Canada,FY 2015-16,facilities,2,Electricity,442918.71,34342.37436
Agriculture and Agri-Food Canada,FY 2015-16,facilities,1,Natural gas,458735.1044,22864.81558
Agriculture and Agri-Food Canada,FY 2015-16,facilities,2,District energy,96690,8024.78655
Agriculture and Agri-Food Canada,FY 2015-16,facilities,1,"Fuel oil (1, 2, 4, 5, 6, diesel, kerosene)",41076.5269,2926.680692
Agriculture and Agri-Food Canada,FY 2015-16,fleets,1,Gasoline,39403.357,2525.889848
Agriculture and Agri-Food Canada,FY 2015-16,fleets,1,"Fuel oil (1, 2, 4, 5, 6, diesel, kerosene)",32391.89277,2271.255395
Agriculture and Agri-Food Canada,FY 2015-16,fleets,1,Fuels with renewable content,12376.28207,702.1904996
Agriculture and Agri-Food Canada,FY 2015-16,facilities,1,Liquified petroleum gas,846.54357,51.642168
Agriculture and Agri-Food Canada,FY 2015-16,fleets,1,Liquified petroleum gas,1.500883,0.091342162
Agriculture and Agri-Food Canada,FY 2015-16,fleets,1,Natural gas,1.08308284,0.061789876
Agriculture and Agri-Food Canada,FY 2016-17,facilities,2,Electricity,450200.7144,33576.05531
Agriculture and Agri-Food Canada,FY 2016-17,facilities,1,Natural gas,509730.9019,25406.60821
Agriculture and Agri-Food Canada,FY 2016-17,facilities,2,District energy,48153,3996.458235
Agriculture and Agri-Food Canada,FY 2016-17,facilities,1,"Fuel oil (1, 2, 4, 5, 6, diesel, kerosene)",44854.1695,3197.193788
Agriculture and Agri-Food Canada,FY 2016-17,fleets,1,"Fuel oil (1, 2, 4, 5, 6, diesel, kerosene)",33326.15076,2327.074888
Agriculture and Agri-Food Canada,FY 2016-17,fleets,1,Gasoline,32818.0874,2103.507739
Agriculture and Agri-Food Canada,FY 2016-17,fleets,1,Fuels with renewable content,10630.82775,613.1531635
Agriculture and Agri-Food Canada,FY 2016-17,facilities,1,Liquified petroleum gas,944.69575,57.6298
Agriculture and Agri-Food Canada,FY 2016-17,fleets,1,Liquified petroleum gas,3.348513,0.203786982
Agriculture and Agri-Food Canada,FY 2017-18,facilities,2,electricity,467019.2456,29965.32391
Agriculture and Agri-Food Canada,FY 2017-18,facilities,1,natural gas,521860.5845,26044.14778
Agriculture and Agri-Food Canada,FY 2017-18,facilities,2,district energy,50900,4302.213429
Agriculture and Agri-Food Canada,FY 2017-18,facilities,1,"fuel oil (1, 2, 4, 5, 6, diesel, kerosene)",44128.3115,3145.033964
Agriculture and Agri-Food Canada,FY 2017-18,fleets,1,gasoline,32030.1744,2129.898384
Agriculture and Agri-Food Canada,FY 2017-18,fleets,1,"fuel oil (1, 2, 4, 5, 6, diesel, kerosene)",24827.16496,1750.614964
Agriculture and Agri-Food Canada,FY 2017-18,fleets,1,fuels with renewable content,7646.529962,500.3094519
Agriculture and Agri-Food Canada,FY 2017-18,facilities,1,liquified petroleum gas,766.56397,46.7719718
Agriculture and Agri-Food Canada,FY 2017-18,fleets,1,liquified petroleum gas,11.442651,0.696387714
Canada Border Services Agency,FY 2005-06,facilities,2,electricity,101139.3235,4238.976006
Canada Border Services Agency,FY 2005-06,fleets,1,gasoline,65059.25526,3939.519854
Canada Border Services Agency,FY 2005-06,facilities,1,natural gas,51557.72212,2576.916065
Canada Border Services Agency,FY 2005-06,facilities,1,"fuel oil (1, 2, 4, 5, 6, diesel, kerosene)",11963.4686,854.3427471
Canada Border Services Agency,FY 2005-06,fleets,1,"fuel oil (1, 2, 4, 5, 6, diesel, kerosene)",5738.1443,410.2928988
Canada Border Services Agency,FY 2005-06,facilities,1,liquified petroleum gas,2338.66931,142.6941251
Canada Border Services Agency,FY 2005-06,fleets,1,fuels with renewable content,865.86792,53.3444706
Canada Border Services Agency,FY 2010-11,facilities,2,Electricity,104926.9932,5157.514731
Canada Border Services Agency,FY 2010-11,fleets,1,Gasoline,54108.425,3467.577065
Canada Border Services Agency,FY 2010-11,facilities,1,Natural gas,41956.2986,2091.23527
Canada Border Services Agency,FY 2010-11,facilities,1,"Fuel oil (1, 2, 4, 5, 6, diesel, kerosene)",9921.7929,706.869174
Canada Border Services Agency,FY 2010-11,fleets,1,"Fuel oil (1, 2, 4, 5, 6, diesel, kerosene)",4263.8241,303.9798669
Canada Border Services Agency,FY 2010-11,fleets,1,Fuels with renewable content,6681.681971,207.1712412
Canada Border Services Agency,FY 2010-11,facilities,1,Liquified petroleum gas,2778.86083,169.520392
Canada Border Services Agency,FY 2011-12,facilities,2,Electricity,115084.9152,4314.179175
Canada Border Services Agency,FY 2011-12,fleets,1,Gasoline,54031.796,3462.666241
Canada Border Services Agency,FY 2011-12,facilities,1,Natural gas,50814.0625,2532.734375
Canada Border Services Agency,FY 2011-12,facilities,1,"Fuel oil (1, 2, 4, 5, 6, diesel, kerosene)",10248.8697,730.159092
Canada Border Services Agency,FY 2011-12,fleets,1,"Fuel oil (1, 2, 4, 5, 6, diesel, kerosene)",4264.8199,303.9153436
Canada Border Services Agency,FY 2011-12,facilities,1,Liquified petroleum gas,3184.98509,194.295416
Canada Border Services Agency,FY 2011-12,fleets,1,Fuels with renewable content,7420.5016,118.3058164
Canada Border Services Agency,FY 2012-13,facilities,2,Electricity,122119.0668,4720.629696
Canada Border Services Agency,FY 2012-13,facilities,1,Natural gas,68107.42946,3394.690747
Canada Border Services Agency,FY 2012-13,fleets,1,Gasoline,48819.771,3128.649896
Canada Border Services Agency,FY 2012-13,facilities,1,"Fuel oil (1, 2, 4, 5, 6, diesel, kerosene)",11055.5478,787.419186
Canada Border Services Agency,FY 2012-13,facilities,1,Liquified petroleum gas,3758.83872,229.302528
Canada Border Services Agency,FY 2012-13,fleets,1,"Fuel oil (1, 2, 4, 5, 6, diesel, kerosene)",3056.90684,218.2362764
Canada Border Services Agency,FY 2012-13,fleets,1,Fuels with renewable content,8461.74265,128.7561437
Canada Border Services Agency,FY 2013-14,facilities,2,Electricity,123563.6109,4242.521163
Canada Border Services Agency,FY 2013-14,facilities,1,Natural gas,70647.02611,3521.272315
Canada Border Services Agency,FY 2013-14,fleets,1,Gasoline,49525.49,3173.876402
Canada Border Services Agency,FY 2013-14,facilities,1,"Fuel oil (1, 2, 4, 5, 6, diesel, kerosene)",13709.31437,979.9382005
Canada Border Services Agency,FY 2013-14,fleets,1,Fuels with renewable content,10693.70809,654.7768535
Canada Border Services Agency,FY 2013-14,facilities,1,Liquified petroleum gas,4173.373999,254.5906541
Canada Border Services Agency,FY 2013-14,fleets,1,"Fuel oil (1, 2, 4, 5, 6, diesel, kerosene)",2907.5828,207.7827304
Canada Border Services Agency,FY 2014-15,facilities,2,Electricity,121451.274,4017.54444
Canada Border Services Agency,FY 2014-15,fleets,1,Gasoline,51177.29015,3279.733194
Canada Border Services Agency,FY 2014-15,facilities,1,Natural gas,62995.9126,3139.916501
Canada Border Services Agency,FY 2014-15,facilities,1,"Fuel oil (1, 2, 4, 5, 6, diesel, kerosene)",9539.075241,683.5871718
Canada Border Services Agency,FY 2014-15,fleets,1,Fuels with renewable content,10676.96116,653.7547782
Canada Border Services Agency,FY 2014-15,facilities,1,Liquified petroleum gas,3802.189688,231.9470912
Canada Border Services Agency,FY 2014-15,fleets,1,"Fuel oil (1, 2, 4, 5, 6, diesel, kerosene)",3225.845459,230.5393747
Canada Border Services Agency,FY 2014-15,fleets,1,Liquified petroleum gas,4.730439,0.287889546
Canada Border Services Agency,FY 2015-16,facilities,2,Electricity,126115.6032,3901.494632
Canada Border Services Agency,FY 2015-16,fleets,1,Gasoline,50682.8665,3248.030334
Canada Border Services Agency,FY 2015-16,facilities,1,Natural gas,62221.0902,3101.29689
Canada Border Services Agency,FY 2015-16,facilities,1,"Fuel oil (1, 2, 4, 5, 6, diesel, kerosene)",15641.99209,1121.6972
Canada Border Services Agency,FY 2015-16,fleets,1,Fuels with renewable content,10433.56622,639.7877599
Canada Border Services Agency,FY 2015-16,fleets,1,"Fuel oil (1, 2, 4, 5, 6, diesel, kerosene)",3050.665935,217.2889627
Canada Border Services Agency,FY 2015-16,facilities,1,Liquified petroleum gas,2764.082321,168.6188504
Canada Border Services Agency,FY 2016-17,facilities,2,Electricity,121035.7548,3907.03357
Canada Border Services Agency,FY 2016-17,fleets,1,Gasoline,59451.7,3809.99444
Canada Border Services Agency,FY 2016-17,facilities,1,Natural gas,55528.88056,2767.735892
Canada Border Services Agency,FY 2016-17,facilities,1,"Fuel oil (1, 2, 4, 5, 6, diesel, kerosene)",20256.8078,1456.31689
Canada Border Services Agency,FY 2016-17,fleets,1,"Fuel oil (1, 2, 4, 5, 6, diesel, kerosene)",3185.89718,227.1646911
Canada Border Services Agency,FY 2016-17,facilities,1,Liquified petroleum gas,2015.76433,122.968792
Canada Border Services Agency,FY 2016-17,fleets,1,Fuels with renewable content,302.42472,18.4342076
Canada Border Services Agency,FY 2017-18,facilities,2,electricity,117646.0975,3933.881109
Canada Border Services Agency,FY 2017-18,fleets,1,gasoline,57933.925,3834.819806
Canada Border Services Agency,FY 2017-18,facilities,1,natural gas,60577.70241,3024.789273
Canada Border Services Agency,FY 2017-18,facilities,1,"fuel oil (1, 2, 4, 5, 6, diesel, kerosene)",16254.37528,1168.269169
Canada Border Services Agency,FY 2017-18,facilities,1,liquified petroleum gas,3439.368307,209.8533766
Canada Border Services Agency,FY 2017-18,fleets,1,"fuel oil (1, 2, 4, 5, 6, diesel, kerosene)",2807.8496,200.7688708
Canada Border Services Agency,FY 2017-18,fleets,1,fuels with renewable content,266.10908,11.66233537
Canada Border Services Agency,FY 2017-18,fleets,1,liquified petroleum gas,5.18855,0.3157697
Canada Revenue Agency,FY 2005-06,fleets,1,gasoline,5469.99394,331.2234308
Canada Revenue Agency,FY 2005-06,fleets,1,"fuel oil (1, 2, 4, 5, 6, diesel, kerosene)",925.9025,66.20454295
Canada Revenue Agency,FY 2010-11,fleets,1,Gasoline,3925.495,251.568151
Canada Revenue Agency,FY 2010-11,fleets,1,Fuels with renewable content,1001.07061,61.2955805
Canada Revenue Agency,FY 2010-11,fleets,1,"Fuel oil (1, 2, 4, 5, 6, diesel, kerosene)",821.2286,58.72007487
Canada Revenue Agency,FY 2011-12,fleets,1,Gasoline,4425.575,283.616135
Canada Revenue Agency,FY 2011-12,fleets,1,"Fuel oil (1, 2, 4, 5, 6, diesel, kerosene)",766.16155,54.44578815
Canada Revenue Agency,FY 2011-12,fleets,1,Fuels with renewable content,559.43492,34.3046286
Canada Revenue Agency,FY 2012-13,fleets,1,Gasoline,3838.625,246.001025
Canada Revenue Agency,FY 2012-13,fleets,1,"Fuel oil (1, 2, 4, 5, 6, diesel, kerosene)",714.32273,51.04482888
Canada Revenue Agency,FY 2012-13,fleets,1,Fuels with renewable content,430.32674,26.3876967
Canada Revenue Agency,FY 2013-14,fleets,1,Gasoline,3496.01,224.044298
Canada Revenue Agency,FY 2013-14,fleets,1,"Fuel oil (1, 2, 4, 5, 6, diesel, kerosene)",735.8579,52.615838
Canada Revenue Agency,FY 2013-14,fleets,1,Fuels with renewable content,346.52324,21.2488542
Canada Revenue Agency,FY 2014-15,fleets,1,Gasoline,3259.48,208.886104
Canada Revenue Agency,FY 2014-15,fleets,1,"Fuel oil (1, 2, 4, 5, 6, diesel, kerosene)",461.9746,33.03243835
Canada Revenue Agency,FY 2014-15,fleets,1,Fuels with renewable content,311.64744,19.1102652
Canada Revenue Agency,FY 2015-16,fleets,1,Gasoline,2918.6829,187.0458784
Canada Revenue Agency,FY 2015-16,fleets,1,"Fuel oil (1, 2, 4, 5, 6, diesel, kerosene)",332.62784,23.78379378
Canada Revenue Agency,FY 2015-16,fleets,1,Fuels with renewable content,261.084302,16.00972641
Canada Revenue Agency,FY 2016-17,fleets,1,Gasoline,3120.72075,199.9936184
Canada Revenue Agency,FY 2016-17,fleets,1,"Fuel oil (1, 2, 4, 5, 6, diesel, kerosene)",513.84812,36.74153589
Canada Revenue Agency,FY 2016-17,fleets,1,Fuels with renewable content,9.334328,0.12762324
Canada Revenue Agency,FY 2017-18,fleets,1,gasoline,2974.86035,196.9145062
Canada Revenue Agency,FY 2017-18,fleets,1,"fuel oil (1, 2, 4, 5, 6, diesel, kerosene)",304.57309,21.77780297
Canada Revenue Agency,FY 2017-18,fleets,1,fuels with renewable content,29.707847,2.009430485
Canadian Space Agency,FY 2005-06,facilities,1,natural gas,21915.94016,1086.965445
Canadian Space Agency,FY 2005-06,facilities,2,electricity,47026.15398,1080.851342
Canadian Space Agency,FY 2005-06,facilities,1,"fuel oil (1, 2, 4, 5, 6, diesel, kerosene)",847.4641,61.94949295
Canadian Space Agency,FY 2017-18,facilities,1,natural gas,21949.60896,1088.669542
Canadian Space Agency,FY 2017-18,facilities,2,electricity,54243.15101,167.7465837
Canadian Space Agency,FY 2017-18,facilities,1,"fuel oil (1, 2, 4, 5, 6, diesel, kerosene)",244.737,17.89023636
Correctional Services Canada,FY 2005-06,facilities,1,natural gas,1532105.767,76159.57388
Correctional Services Canada,FY 2005-06,facilities,2,electricity,725812.9798,52997.33758
Correctional Services Canada,FY 2005-06,facilities,1,"fuel oil (1, 2, 4, 5, 6, diesel, kerosene)",113499.548,8263.80877
Correctional Services Canada,FY 2005-06,fleets,1,gasoline,40811.63592,2471.259
Correctional Services Canada,FY 2005-06,facilities,1,liquified petroleum gas,10149.27364,619.2588734
Correctional Services Canada,FY 2005-06,fleets,1,"fuel oil (1, 2, 4, 5, 6, diesel, kerosene)",3023.9765,216.223
Correctional Services Canada,FY 2005-06,fleets,1,fuels with renewable content,1804.30913,83.394
Correctional Services Canada,FY 2005-06,fleets,1,liquified petroleum gas,1067.17084,64.947
Correctional Services Canada,FY 2005-06,fleets,1,Natural gas,0.594244,0.034
Correctional Services Canada,FY 2017-18,facilities,1,natural gas,1457165.759,72502.37867
Correctional Services Canada,FY 2017-18,facilities,2,electricity,758872.4101,39432.98669
Correctional Services Canada,FY 2017-18,facilities,1,"fuel oil (1, 2, 4, 5, 6, diesel, kerosene)",76998.23728,5505.748783
Correctional Services Canada,FY 2017-18,fleets,1,gasoline,36097.663,2389.40745
Correctional Services Canada,FY 2017-18,facilities,1,liquified petroleum gas,8829.096064,538.7081161
Correctional Services Canada,FY 2017-18,fleets,1,"fuel oil (1, 2, 4, 5, 6, diesel, kerosene)",1736.57562,124.1698723
Correctional Services Canada,FY 2017-18,fleets,1,fuels with renewable content,382.346741,25.26290949
Correctional Services Canada,FY 2017-18,fleets,1,liquified petroleum gas,1.025055,0.06238377
Employment and Social Development Canada,FY 2005-06,fleets,1,gasoline,22994.56608,1392.384
Employment and Social Development Canada,FY 2005-06,fleets,1,"fuel oil (1, 2, 4, 5, 6, diesel, kerosene)",207.1647,14.813
Employment and Social Development Canada,FY 2005-06,fleets,1,fuels with renewable content,111.5687,6.873
Employment and Social Development Canada,FY 2005-06,fleets,1,liquified petroleum gas,2.80941,0.171
Employment and Social Development Canada,FY 2010-11,fleets,1,Gasoline,13930.14,892.722972
Employment and Social Development Canada,FY 2010-11,fleets,1,Fuels with renewable content,473.14837,28.97372835
Employment and Social Development Canada,FY 2010-11,fleets,1,"Fuel oil (1, 2, 4, 5, 6, diesel, kerosene)",217.97093,15.56466528
Employment and Social Development Canada,FY 2010-11,fleets,1,Liquified petroleum gas,1.7717,0.1078238
Employment and Social Development Canada,FY 2010-11,fleets,1,Natural gas,0.005092,0.000290499
Employment and Social Development Canada,FY 2011-12,fleets,1,Gasoline,11864.1425,760.3220465
Employment and Social Development Canada,FY 2011-12,fleets,1,Fuels with renewable content,1167.895734,71.61553197
Employment and Social Development Canada,FY 2011-12,fleets,1,"Fuel oil (1, 2, 4, 5, 6, diesel, kerosene)",247.010301,17.55082656
Employment and Social Development Canada,FY 2011-12,fleets,1,Liquified petroleum gas,2.143757,0.130466798
Employment and Social Development Canada,FY 2011-12,fleets,1,Natural gas,0.014345,0.000818382
Employment and Social Development Canada,FY 2012-13,fleets,1,Gasoline,9702.875,621.815675
Employment and Social Development Canada,FY 2012-13,fleets,1,Fuels with renewable content,997.10928,61.1428824
Employment and Social Development Canada,FY 2012-13,fleets,1,"Fuel oil (1, 2, 4, 5, 6, diesel, kerosene)",122.6749,8.771588462
Employment and Social Development Canada,FY 2012-13,fleets,1,Liquified petroleum gas,0.78461,0.04775054
Employment and Social Development Canada,FY 2012-13,fleets,1,Natural gas,0.010222,0.000583165
Employment and Social Development Canada,FY 2013-14,fleets,1,Gasoline,7912.583,507.0835334
Employment and Social Development Canada,FY 2013-14,fleets,1,Fuels with renewable content,828.990994,50.83384527
Employment and Social Development Canada,FY 2013-14,fleets,1,"Fuel oil (1, 2, 4, 5, 6, diesel, kerosene)",8.18854,0.585502845
Employment and Social Development Canada,FY 2013-14,fleets,1,Liquified petroleum gas,0.774486,0.047134404
Employment and Social Development Canada,FY 2014-15,fleets,1,Gasoline,5399.9645,346.0605821
Employment and Social Development Canada,FY 2014-15,fleets,1,Fuels with renewable content,549.205814,33.67737837
Employment and Social Development Canada,FY 2014-15,fleets,1,"Fuel oil (1, 2, 4, 5, 6, diesel, kerosene)",1.94564,0.139118543
Employment and Social Development Canada,FY 2015-16,fleets,1,Gasoline,5114.34455,327.7564236
Employment and Social Development Canada,FY 2016-17,fleets,1,Gasoline,4962.1705,318.0042409
Employment and Social Development Canada,FY 2016-17,fleets,1,Fuels with renewable content,8.170418,0.50101119
Employment and Social Development Canada,FY 2017-18,fleets,1,gasoline,4861.6505,321.806537
Employment and Social Development Canada,FY 2017-18,fleets,1,fuels with renewable content,1.174942,0.072385935
Environment and Climate Change Canada,FY 2005-06,facilities,1,natural gas,189183.878,9363.269974
Environment and Climate Change Canada,FY 2005-06,facilities,2,electricity,108129.9743,5851.645136
Environment and Climate Change Canada,FY 2005-06,fleets,1,gasoline,63512.04543,3931.18792
Environment and Climate Change Canada,FY 2005-06,facilities,1,"fuel oil (1, 2, 4, 5, 6, diesel, kerosene)",19041.31741,1391.917319
Environment and Climate Change Canada,FY 2005-06,fleets,1,"fuel oil (1, 2, 4, 5, 6, diesel, kerosene)",4571.942238,326.0864853
Environment and Climate Change Canada,FY 2005-06,fleets,1,fuels with renewable content,2646.580557,164.2430532
Environment and Climate Change Canada,FY 2005-06,fleets,1,aviation fuel,2152.01024,152.3915443
Environment and Climate Change Canada,FY 2005-06,facilities,1,liquified petroleum gas,1696.90895,103.5370571
Environment and Climate Change Canada,FY 2005-06,fleets,1,liquified petroleum gas,465.5000014,28.32984086
Environment and Climate Change Canada,FY 2005-06,fleets,1,Natural gas,0.08379,0.00478022
Environment and Climate Change Canada,FY 2010-11,facilities,1,Natural gas,203742.1137,10155.15449
Environment and Climate Change Canada,FY 2010-11,facilities,2,Electricity,140449.7124,4753.693988
Environment and Climate Change Canada,FY 2010-11,fleets,1,Gasoline,49709.492,3186.645318
Environment and Climate Change Canada,FY 2010-11,facilities,1,"Fuel oil (1, 2, 4, 5, 6, diesel, kerosene)",21414.4109,1565.5444
Environment and Climate Change Canada,FY 2010-11,fleets,1,"Fuel oil (1, 2, 4, 5, 6, diesel, kerosene)",7151.683081,509.6449396
Environment and Climate Change Canada,FY 2010-11,fleets,1,Fuels with renewable content,5340.223528,327.3248192
Environment and Climate Change Canada,FY 2010-11,facilities,1,Liquified petroleum gas,1627.88858,99.306992
Environment and Climate Change Canada,FY 2010-11,fleets,1,Liquified petroleum gas,4.651978,0.283114492
Environment and Climate Change Canada,FY 2010-11,fleets,1,Natural gas,0.005225,0.000298086
Environment and Climate Change Canada,FY 2011-12,facilities,1,Natural gas,178933.2074,8918.599751
Environment and Climate Change Canada,FY 2011-12,facilities,2,Electricity,148566.3189,4575.685948
Environment and Climate Change Canada,FY 2011-12,fleets,1,Gasoline,45587.3635,2922.423127
Environment and Climate Change Canada,FY 2011-12,facilities,1,"Fuel oil (1, 2, 4, 5, 6, diesel, kerosene)",21749.91507,1590.07212
Environment and Climate Change Canada,FY 2011-12,fleets,1,"Fuel oil (1, 2, 4, 5, 6, diesel, kerosene)",7178.696494,510.7494136
Environment and Climate Change Canada,FY 2011-12,fleets,1,Fuels with renewable content,6507.67191,399.0513641
Environment and Climate Change Canada,FY 2011-12,facilities,1,Liquified petroleum gas,743.75966,45.371984
Environment and Climate Change Canada,FY 2011-12,fleets,1,Liquified petroleum gas,31.417303,1.912024042
Environment and Climate Change Canada,FY 2012-13,facilities,1,Natural gas,184346.5128,9188.416099
Environment and Climate Change Canada,FY 2012-13,facilities,2,Electricity,110743.9236,4485.182889
Environment and Climate Change Canada,FY 2012-13,fleets,1,Gasoline,40713.435,2609.892793
Environment and Climate Change Canada,FY 2012-13,facilities,1,"Fuel oil (1, 2, 4, 5, 6, diesel, kerosene)",20009.069,1462.804
Environment and Climate Change Canada,FY 2012-13,fleets,1,"Fuel oil (1, 2, 4, 5, 6, diesel, kerosene)",6640.36974,473.7736276
Environment and Climate Change Canada,FY 2012-13,fleets,1,Fuels with renewable content,6252.431844,383.400007
Environment and Climate Change Canada,FY 2012-13,facilities,1,Liquified petroleum gas,1665.19552,101.582848
Environment and Climate Change Canada,FY 2012-13,fleets,1,Liquified petroleum gas,1.946339,0.118452146
Environment and Climate Change Canada,FY 2013-14,facilities,1,Natural gas,191639.5575,9551.924625
Environment and Climate Change Canada,FY 2013-14,facilities,2,Electricity,108994.9284,3587.711426
Environment and Climate Change Canada,FY 2013-14,fleets,1,Gasoline,39620.007,2539.784047
Environment and Climate Change Canada,FY 2013-14,facilities,1,"Fuel oil (1, 2, 4, 5, 6, diesel, kerosene)",19440.1608,1421.2128
Environment and Climate Change Canada,FY 2013-14,fleets,1,"Fuel oil (1, 2, 4, 5, 6, diesel, kerosene)",8468.878898,602.1227698
Environment and Climate Change Canada,FY 2013-14,fleets,1,Fuels with renewable content,6826.44688,418.5986904
Environment and Climate Change Canada,FY 2013-14,facilities,1,Liquified petroleum gas,2359.37289,143.930136
Environment and Climate Change Canada,FY 2013-14,fleets,1,Liquified petroleum gas,1.5186,0.0924204
Environment and Climate Change Canada,FY 2014-15,facilities,1,Natural gas,178661.0484,8905.03448
Environment and Climate Change Canada,FY 2014-15,facilities,2,Electricity,117418.7502,3417.029513
Environment and Climate Change Canada,FY 2014-15,fleets,1,Gasoline,35984.4765,2306.698172
Environment and Climate Change Canada,FY 2014-15,facilities,1,"Fuel oil (1, 2, 4, 5, 6, diesel, kerosene)",20932.3671,1530.3036
Environment and Climate Change Canada,FY 2014-15,fleets,1,"Fuel oil (1, 2, 4, 5, 6, diesel, kerosene)",9277.550551,659.7654034
Environment and Climate Change Canada,FY 2014-15,fleets,1,Fuels with renewable content,6982.301074,428.1556917
Environment and Climate Change Canada,FY 2014-15,facilities,1,Liquified petroleum gas,1238.930164,75.57914552
Environment and Climate Change Canada,FY 2014-15,fleets,1,Liquified petroleum gas,3.206777,0.195161078
Environment and Climate Change Canada,FY 2015-16,facilities,1,Natural gas,149899.1218,7471.448649
Environment and Climate Change Canada,FY 2015-16,facilities,2,Electricity,121515.0487,3195.602327
Environment and Climate Change Canada,FY 2015-16,fleets,1,Gasoline,31295.3676,2005.943648
Environment and Climate Change Canada,FY 2015-16,facilities,1,"Fuel oil (1, 2, 4, 5, 6, diesel, kerosene)",25597.9965,1871.394
Environment and Climate Change Canada,FY 2015-16,fleets,1,"Fuel oil (1, 2, 4, 5, 6, diesel, kerosene)",9312.91237,662.8145561
Environment and Climate Change Canada,FY 2015-16,fleets,1,Fuels with renewable content,5535.73754,339.4522107
Environment and Climate Change Canada,FY 2015-16,facilities,1,Liquified petroleum gas,1205.912667,73.5649608
Environment and Climate Change Canada,FY 2015-16,fleets,1,Liquified petroleum gas,1.84763,0.11244482
Environment and Climate Change Canada,FY 2015-16,fleets,1,Natural gas,0.001824,0.000104059
Environment and Climate Change Canada,FY 2016-17,facilities,1,Natural gas,154045.8175,7678.133142
Environment and Climate Change Canada,FY 2016-17,facilities,2,Electricity,130634.8992,3249.682926
Environment and Climate Change Canada,FY 2016-17,fleets,1,Gasoline,40300.88825,2583.057294
Environment and Climate Change Canada,FY 2016-17,facilities,1,"Fuel oil (1, 2, 4, 5, 6, diesel, kerosene)",25419.31934,1858.33144
Environment and Climate Change Canada,FY 2016-17,fleets,1,"Fuel oil (1, 2, 4, 5, 6, diesel, kerosene)",10179.5777,724.9447436
Environment and Climate Change Canada,FY 2016-17,facilities,1,Liquified petroleum gas,1546.514246,94.34286827
Environment and Climate Change Canada,FY 2016-17,fleets,1,Fuels with renewable content,907.309174,55.63632717
Environment and Climate Change Canada,FY 2016-17,fleets,1,Liquified petroleum gas,2.58162,0.15711468
Environment and Climate Change Canada,FY 2017-18,facilities,1,natural gas,153459.7071,7581.566076
Environment and Climate Change Canada,FY 2017-18,facilities,2,electricity,127056.5664,3153.207356
Environment and Climate Change Canada,FY 2017-18,fleets,1,gasoline,36257.3008,2408.788266
Environment and Climate Change Canada,FY 2017-18,facilities,1,"fuel oil (1, 2, 4, 5, 6, diesel, kerosene)",27341.221,1998.638972
Environment and Climate Change Canada,FY 2017-18,fleets,1,"fuel oil (1, 2, 4, 5, 6, diesel, kerosene)",10173.81284,727.1783973
Environment and Climate Change Canada,FY 2017-18,facilities,1,liquified petroleum gas,1597.99747,97.501964
Environment and Climate Change Canada,FY 2017-18,fleets,1,fuels with renewable content,725.067364,49.0955641
Fisheries and Oceans Canada,FY 2005-06,facilities,2,electricity,309547.034,21409.38001
Fisheries and Oceans Canada,FY 2005-06,fleets,1,gasoline,131094.7909,7938.156218
Fisheries and Oceans Canada,FY 2005-06,facilities,1,"fuel oil (1, 2, 4, 5, 6, diesel, kerosene)",109931.4612,7863.309225
Fisheries and Oceans Canada,FY 2005-06,facilities,1,natural gas,71471.55015,3584.497053
Fisheries and Oceans Canada,FY 2005-06,fleets,1,"fuel oil (1, 2, 4, 5, 6, diesel, kerosene)",23271.9226,1664.005659
Fisheries and Oceans Canada,FY 2005-06,facilities,2,district energy,19917.5,1175.1325
Fisheries and Oceans Canada,FY 2005-06,facilities,1,liquified petroleum gas,12938.472,789.4420704
Fisheries and Oceans Canada,FY 2005-06,fleets,1,liquified petroleum gas,279.1693,16.9899502
Fisheries and Oceans Canada,FY 2010-11,facilities,2,Electricity,295790.3964,17620.04366
Fisheries and Oceans Canada,FY 2010-11,fleets,1,Gasoline,107248.19,6873.076862
Fisheries and Oceans Canada,FY 2010-11,facilities,1,"Fuel oil (1, 2, 4, 5, 6, diesel, kerosene)",79367.845,5687.321867
Fisheries and Oceans Canada,FY 2010-11,facilities,1,Natural gas,106470.3018,5306.818231
Fisheries and Oceans Canada,FY 2010-11,facilities,2,District energy,28618,1688.462
Fisheries and Oceans Canada,FY 2010-11,fleets,1,"Fuel oil (1, 2, 4, 5, 6, diesel, kerosene)",22648.5518,1619.432954
Fisheries and Oceans Canada,FY 2010-11,facilities,1,Liquified petroleum gas,9789.821946,597.2139504
Fisheries and Oceans Canada,FY 2010-11,fleets,1,Fuels with renewable content,3951.24253,240.7173745
Fisheries and Oceans Canada,FY 2010-11,fleets,1,Liquified petroleum gas,29.46084,1.79295576
Fisheries and Oceans Canada,FY 2011-12,facilities,2,Electricity,298911.4056,18333.38671
Fisheries and Oceans Canada,FY 2011-12,fleets,1,Gasoline,96122.775,6160.096695
Fisheries and Oceans Canada,FY 2011-12,facilities,1,Natural gas,102037.4305,5085.869836
Fisheries and Oceans Canada,FY 2011-12,facilities,1,"Fuel oil (1, 2, 4, 5, 6, diesel, kerosene)",65968.1732,4706.099296
Fisheries and Oceans Canada,FY 2011-12,fleets,1,"Fuel oil (1, 2, 4, 5, 6, diesel, kerosene)",23897.285,1708.720768
Fisheries and Oceans Canada,FY 2011-12,facilities,2,District energy,22993,1356.587
Fisheries and Oceans Canada,FY 2011-12,facilities,1,Liquified petroleum gas,11296.18203,689.107272
Fisheries and Oceans Canada,FY 2011-12,fleets,1,Fuels with renewable content,6215.88769,378.8284046
Fisheries and Oceans Canada,FY 2011-12,fleets,1,Liquified petroleum gas,49.68353,3.02368742
Fisheries and Oceans Canada,FY 2011-12,fleets,1,Natural gas,0.027854,0.001589071
Fisheries and Oceans Canada,FY 2012-13,facilities,2,Electricity,284788.944,16511.89591
Fisheries and Oceans Canada,FY 2012-13,fleets,1,Gasoline,90333.25,5789.07085
Fisheries and Oceans Canada,FY 2012-13,facilities,1,Natural gas,106288.7669,5297.769955
Fisheries and Oceans Canada,FY 2012-13,facilities,1,"Fuel oil (1, 2, 4, 5, 6, diesel, kerosene)",60992.1279,4348.524204
Fisheries and Oceans Canada,FY 2012-13,fleets,1,"Fuel oil (1, 2, 4, 5, 6, diesel, kerosene)",24082.3889,1721.9562
Fisheries and Oceans Canada,FY 2012-13,facilities,2,District energy,27475,1621.025
Fisheries and Oceans Canada,FY 2012-13,facilities,1,Liquified petroleum gas,10991.43951,670.5168944
Fisheries and Oceans Canada,FY 2012-13,fleets,1,Fuels with renewable content,5738.8483,349.0260346
Fisheries and Oceans Canada,FY 2012-13,fleets,1,Liquified petroleum gas,108.25087,6.58803418
Fisheries and Oceans Canada,FY 2012-13,fleets,1,Natural gas,0.006498,0.000370711
Fisheries and Oceans Canada,FY 2013-14,facilities,2,Electricity,275618.0088,14861.04976
Fisheries and Oceans Canada,FY 2013-14,facilities,1,Natural gas,111275.5248,5546.325818
Fisheries and Oceans Canada,FY 2013-14,fleets,1,Gasoline,81381.58,5215.396684
Fisheries and Oceans Canada,FY 2013-14,facilities,1,"Fuel oil (1, 2, 4, 5, 6, diesel, kerosene)",55329.1859,3946.469491
Fisheries and Oceans Canada,FY 2013-14,fleets,1,"Fuel oil (1, 2, 4, 5, 6, diesel, kerosene)",22881.2626,1636.072408
Fisheries and Oceans Canada,FY 2013-14,facilities,2,District energy,23184,1367.856
Fisheries and Oceans Canada,FY 2013-14,facilities,1,Liquified petroleum gas,10461.35193,638.1796672
Fisheries and Oceans Canada,FY 2013-14,fleets,1,Fuels with renewable content,4887.98792,297.2672599
Fisheries and Oceans Canada,FY 2013-14,fleets,1,Liquified petroleum gas,51.96143,3.16231802
Fisheries and Oceans Canada,FY 2014-15,facilities,2,Electricity,273303.3852,14980.58702
Fisheries and Oceans Canada,FY 2014-15,facilities,1,Natural gas,105928.7092,5279.823533
Fisheries and Oceans Canada,FY 2014-15,fleets,1,Gasoline,75408.865,4832.630977
Fisheries and Oceans Canada,FY 2014-15,facilities,1,"Fuel oil (1, 2, 4, 5, 6, diesel, kerosene)",53163.301,3792.272795
Fisheries and Oceans Canada,FY 2014-15,facilities,2,District energy,28523.82875,1682.905896
Fisheries and Oceans Canada,FY 2014-15,fleets,1,"Fuel oil (1, 2, 4, 5, 6, diesel, kerosene)",22051.3399,1576.730681
Fisheries and Oceans Canada,FY 2014-15,facilities,1,Liquified petroleum gas,10866.31699,662.883976
Fisheries and Oceans Canada,FY 2014-15,fleets,1,Fuels with renewable content,4764.73867,289.1640485
Fisheries and Oceans Canada,FY 2014-15,fleets,1,Liquified petroleum gas,56.49192,3.43803888
Fisheries and Oceans Canada,FY 2015-16,facilities,2,Electricity,254074.0752,12298.02933
Fisheries and Oceans Canada,FY 2015-16,fleets,1,Gasoline,73813.81,4730.410738
Fisheries and Oceans Canada,FY 2015-16,facilities,1,Natural gas,90102.85729,4491.012777
Fisheries and Oceans Canada,FY 2015-16,facilities,1,"Fuel oil (1, 2, 4, 5, 6, diesel, kerosene)",46127.81415,3293.503011
Fisheries and Oceans Canada,FY 2015-16,fleets,1,"Fuel oil (1, 2, 4, 5, 6, diesel, kerosene)",22101.1682,1580.29354
Fisheries and Oceans Canada,FY 2015-16,facilities,2,District energy,21153.46625,1248.054509
Fisheries and Oceans Canada,FY 2015-16,facilities,1,Liquified petroleum gas,10434.09812,636.517088
Fisheries and Oceans Canada,FY 2015-16,fleets,1,Fuels with renewable content,4484.00845,271.9758799
Fisheries and Oceans Canada,FY 2015-16,fleets,1,Liquified petroleum gas,32.29556,1.96547384
Fisheries and Oceans Canada,FY 2016-17,facilities,2,Electricity,251268.264,11719.91938
Fisheries and Oceans Canada,FY 2016-17,facilities,1,Natural gas,99249.55689,4946.913356
Fisheries and Oceans Canada,FY 2016-17,fleets,1,Gasoline,72382.345,4638.674281
Fisheries and Oceans Canada,FY 2016-17,facilities,1,"Fuel oil (1, 2, 4, 5, 6, diesel, kerosene)",36697.1054,2618.382166
Fisheries and Oceans Canada,FY 2016-17,fleets,1,"Fuel oil (1, 2, 4, 5, 6, diesel, kerosene)",22743.4592,1626.21909
Fisheries and Oceans Canada,FY 2016-17,facilities,2,District energy,20806.4175,1227.578633
Fisheries and Oceans Canada,FY 2016-17,facilities,1,Liquified petroleum gas,11929.18513,727.722712
Fisheries and Oceans Canada,FY 2016-17,fleets,1,Fuels with renewable content,949.32081,55.3313918
Fisheries and Oceans Canada,FY 2016-17,fleets,1,Liquified petroleum gas,17.74231,1.07977834
Fisheries and Oceans Canada,FY 2017-18,facilities,2,electricity,241133.6535,12086.29434
Fisheries and Oceans Canada,FY 2017-18,fleets,1,gasoline,78890.455,5221.984618
Fisheries and Oceans Canada,FY 2017-18,facilities,1,natural gas,89885.69292,4496.740259
Fisheries and Oceans Canada,FY 2017-18,facilities,1,"fuel oil (1, 2, 4, 5, 6, diesel, kerosene)",38284.1955,2732.389935
Fisheries and Oceans Canada,FY 2017-18,fleets,1,"fuel oil (1, 2, 4, 5, 6, diesel, kerosene)",22746.2934,1626.421743
Fisheries and Oceans Canada,FY 2017-18,facilities,2,district energy,22434.47,1323.63373
Fisheries and Oceans Canada,FY 2017-18,facilities,1,liquified petroleum gas,12971.95713,791.4851687
Fisheries and Oceans Canada,FY 2017-18,fleets,1,fuels with renewable content,923.517,54.84225737
Fisheries and Oceans Canada,FY 2017-18,fleets,1,liquified petroleum gas,29.53677,1.79757678
Fisheries and Oceans Canada,FY 2017-18,fleets,1,Natural gas,0.034276,0.001955446
Health Canada,FY 2005-06,facilities,2,district energy,209559,13177.57356
Health Canada,FY 2005-06,facilities,2,electricity,109508.5248,6059.72288
Health Canada,FY 2005-06,fleets,1,gasoline,49650.38169,3006.469466
Health Canada,FY 2005-06,facilities,1,natural gas,36154.47568,1793.186444
Health Canada,FY 2005-06,facilities,1,"fuel oil (1, 2, 4, 5, 6, diesel, kerosene)",138.1098,10.09580474
Health Canada,FY 2010-11,fleets,1,Gasoline,32232.0075,2065.611224
Health Canada,FY 2010-11,fleets,1,Fuels with renewable content,3805.391824,222.0361999
Health Canada,FY 2010-11,fleets,1,"Fuel oil (1, 2, 4, 5, 6, diesel, kerosene)",107.76854,7.705743245
Health Canada,FY 2010-11,fleets,1,Natural gas,0.0047576,0.000271421
Health Canada,FY 2011-12,fleets,1,Gasoline,30381.785,1947.038393
Health Canada,FY 2011-12,fleets,1,Fuels with renewable content,6041.74481,357.9497051
Health Canada,FY 2011-12,fleets,1,"Fuel oil (1, 2, 4, 5, 6, diesel, kerosene)",89.4305,6.39452359
Health Canada,FY 2012-13,fleets,1,Gasoline,30265.9595,1939.615633
Health Canada,FY 2012-13,fleets,1,Fuels with renewable content,6432.953561,389.0302611
Health Canada,FY 2012-13,fleets,1,"Fuel oil (1, 2, 4, 5, 6, diesel, kerosene)",181.34284,12.96650548
Health Canada,FY 2012-13,fleets,1,Liquified petroleum gas,0.615033,0.037430262
Health Canada,FY 2012-13,fleets,1,Natural gas,0.0016416,9.36533E-05
Health Canada,FY 2013-14,fleets,1,Gasoline,27805.82,1781.955836
Health Canada,FY 2013-14,fleets,1,Fuels with renewable content,5540.44408,339.7408164
Health Canada,FY 2013-14,fleets,1,"Fuel oil (1, 2, 4, 5, 6, diesel, kerosene)",134.4713,9.615063094
Health Canada,FY 2014-15,fleets,1,Gasoline,23630.6,1514.38388
Health Canada,FY 2014-15,fleets,1,Fuels with renewable content,5173.808,317.25864
Health Canada,FY 2014-15,fleets,1,"Fuel oil (1, 2, 4, 5, 6, diesel, kerosene)",230.3745,16.47240231
Health Canada,FY 2015-16,fleets,1,Gasoline,24168.8776,1548.879784
Health Canada,FY 2015-16,fleets,1,Fuels with renewable content,5181.355394,317.7214473
Health Canada,FY 2015-16,fleets,1,"Fuel oil (1, 2, 4, 5, 6, diesel, kerosene)",343.577044,24.5666916
Health Canada,FY 2016-17,fleets,1,Gasoline,31220.47355,2000.786348
Health Canada,FY 2016-17,fleets,1,Fuels with renewable content,987.824868,60.57356094
Health Canada,FY 2016-17,fleets,1,"Fuel oil (1, 2, 4, 5, 6, diesel, kerosene)",315.402798,22.5521565
Health Canada,FY 2017-18,facilities,2,district energy,171576,11173.88936
Health Canada,FY 2017-18,facilities,1,natural gas,139863.9294,6938.925437
Health Canada,FY 2017-18,fleets,1,gasoline,31727.395,2100.126925
Health Canada,FY 2017-18,facilities,2,electricity,79952.51244,650.2462599
Health Canada,FY 2017-18,fleets,1,fuels with renewable content,291.90706,17.98383705
Health Canada,FY 2017-18,fleets,1,"fuel oil (1, 2, 4, 5, 6, diesel, kerosene)",248.95,17.800601
Health Canada,FY 2017-18,facilities,1,"fuel oil (1, 2, 4, 5, 6, diesel, kerosene)",138.1098,10.09580474
"Immigration, Refugees and Citizenship Canada",FY 2005-06,fleets,1,gasoline,1522.007625,94
"Immigration, Refugees and Citizenship Canada",FY 2010-11,fleets,1,Gasoline,1072.96224,68.76155155
"Immigration, Refugees and Citizenship Canada",FY 2010-11,fleets,1,Fuels with renewable content,230.1835644,14.1148888
"Immigration, Refugees and Citizenship Canada",FY 2011-12,fleets,1,Gasoline,684.613755,43.8739615
"Immigration, Refugees and Citizenship Canada",FY 2011-12,fleets,1,Fuels with renewable content,285.3754321,17.49926195
"Immigration, Refugees and Citizenship Canada",FY 2012-13,fleets,1,Gasoline,829.722985,53.17339015
"Immigration, Refugees and Citizenship Canada",FY 2012-13,fleets,1,Fuels with renewable content,268.9035579,16.48920429
"Immigration, Refugees and Citizenship Canada",FY 2013-14,fleets,1,Gasoline,640.19011,41.02704048
"Immigration, Refugees and Citizenship Canada",FY 2014-15,fleets,1,Gasoline,743.465555,47.64552114
"Immigration, Refugees and Citizenship Canada",FY 2015-16,fleets,1,Gasoline,846.419,54.2433662
"Immigration, Refugees and Citizenship Canada",FY 2016-17,fleets,1,Gasoline,797.27305,51.09381289
"Immigration, Refugees and Citizenship Canada",FY 2017-18,fleets,1,gasoline,767.0145,50.77088123
Indigenous and Northern Affairs Canada,FY 2005-06,facilities,1,"fuel oil (1, 2, 4, 5, 6, diesel, kerosene)",15723.65468,1119.274175
Indigenous and Northern Affairs Canada,FY 2005-06,facilities,2,electricity,4150.08676,1023.688886
Indigenous and Northern Affairs Canada,FY 2005-06,fleets,1,gasoline,8479.713014,527.0941737
Indigenous and Northern Affairs Canada,FY 2005-06,fleets,1,"fuel oil (1, 2, 4, 5, 6, diesel, kerosene)",136.19863,9.738571879
Indigenous and Northern Affairs Canada,FY 2005-06,fleets,1,fuels with renewable content,55.517363,3.372053196
Indigenous and Northern Affairs Canada,FY 2010-11,fleets,1,Gasoline,7457.6075,477.9261035
Indigenous and Northern Affairs Canada,FY 2010-11,fleets,1,"Fuel oil (1, 2, 4, 5, 6, diesel, kerosene)",926.15145,66.22234355
Indigenous and Northern Affairs Canada,FY 2010-11,fleets,1,Fuels with renewable content,598.050209,9.368923095
Indigenous and Northern Affairs Canada,FY 2011-12,fleets,1,Gasoline,7246.5645,464.4012621
Indigenous and Northern Affairs Canada,FY 2011-12,fleets,1,"Fuel oil (1, 2, 4, 5, 6, diesel, kerosene)",695.22543,49.71050606
Indigenous and Northern Affairs Canada,FY 2011-12,fleets,1,Fuels with renewable content,625.761909,8.555705595
Indigenous and Northern Affairs Canada,FY 2012-13,fleets,1,Gasoline,6861.09935,439.6984526
Indigenous and Northern Affairs Canada,FY 2012-13,fleets,1,"Fuel oil (1, 2, 4, 5, 6, diesel, kerosene)",567.81665,40.60043233
Indigenous and Northern Affairs Canada,FY 2012-13,fleets,1,Fuels with renewable content,532.426222,7.27957701
Indigenous and Northern Affairs Canada,FY 2013-14,fleets,1,Gasoline,6326.0869,405.4117976
Indigenous and Northern Affairs Canada,FY 2013-14,fleets,1,"Fuel oil (1, 2, 4, 5, 6, diesel, kerosene)",612.77319,43.81494701
Indigenous and Northern Affairs Canada,FY 2013-14,fleets,1,Fuels with renewable content,402.282202,5.50018791
Indigenous and Northern Affairs Canada,FY 2013-14,fleets,1,Liquified petroleum gas,4.221708,0.256928712
Indigenous and Northern Affairs Canada,FY 2014-15,fleets,1,Gasoline,5146.07275,329.789748
Indigenous and Northern Affairs Canada,FY 2014-15,fleets,1,Fuels with renewable content,422.9301,5.7824955
Indigenous and Northern Affairs Canada,FY 2014-15,fleets,1,"Fuel oil (1, 2, 4, 5, 6, diesel, kerosene)",67.898099,4.8379443
Indigenous and Northern Affairs Canada,FY 2015-16,fleets,1,Gasoline,5251.113,336.5213274
Indigenous and Northern Affairs Canada,FY 2015-16,fleets,1,Fuels with renewable content,451.219087,6.169275585
Indigenous and Northern Affairs Canada,FY 2015-16,fleets,1,"Fuel oil (1, 2, 4, 5, 6, diesel, kerosene)",41.15335,2.942576273
Indigenous and Northern Affairs Canada,FY 2016-17,fleets,1,Gasoline,6277.2395,402.2813771
Indigenous and Northern Affairs Canada,FY 2016-17,fleets,1,"Fuel oil (1, 2, 4, 5, 6, diesel, kerosene)",16.56858,1.18469846
Indigenous and Northern Affairs Canada,FY 2016-17,fleets,1,Fuels with renewable content,6.307252,0.08623566
Indigenous and Northern Affairs Canada,FY 2017-18,facilities,1,"fuel oil (1, 2, 4, 5, 6, diesel, kerosene)",14558.93952,1036.364977
Indigenous and Northern Affairs Canada,FY 2017-18,facilities,2,electricity,3842.672926,800.5575
Indigenous and Northern Affairs Canada,FY 2017-18,fleets,1,gasoline,6406.57045,423.1148066
Indigenous and Northern Affairs Canada,FY 2017-18,fleets,1,"fuel oil (1, 2, 4, 5, 6, diesel, kerosene)",38.573845,2.708008806
Indigenous and Northern Affairs Canada,FY 2017-18,fleets,1,fuels with renewable content,6.676778,0.108057756
"Innovation, Science and Economic Development Canada",FY 2005-06,fleets,1,gasoline,24786.873,1540.738032
"Innovation, Science and Economic Development Canada",FY 2005-06,fleets,1,"fuel oil (1, 2, 4, 5, 6, diesel, kerosene)",4205.743931,300.7221113
"Innovation, Science and Economic Development Canada",FY 2005-06,fleets,1,fuels with renewable content,1189.377552,75.40288363
"Innovation, Science and Economic Development Canada",FY 2005-06,fleets,1,liquified petroleum gas,93.02010264,5.661105686
"Innovation, Science and Economic Development Canada",FY 2005-06,fleets,1,Natural gas,0.253729487,0.014475267
"Innovation, Science and Economic Development Canada",FY 2010-11,fleets,1,Gasoline,16174.7985,1036.573515
"Innovation, Science and Economic Development Canada",FY 2010-11,fleets,1,"Fuel oil (1, 2, 4, 5, 6, diesel, kerosene)",2918.92726,208.7112252
"Innovation, Science and Economic Development Canada",FY 2010-11,fleets,1,Fuels with renewable content,2182.95401,133.0924653
"Innovation, Science and Economic Development Canada",FY 2010-11,fleets,1,Natural gas,0.017423,0.000993982
"Innovation, Science and Economic Development Canada",FY 2011-12,fleets,1,Gasoline,14559.335,933.045383
"Innovation, Science and Economic Development Canada",FY 2011-12,fleets,1,"Fuel oil (1, 2, 4, 5, 6, diesel, kerosene)",3379.2856,241.6280965
"Innovation, Science and Economic Development Canada",FY 2011-12,fleets,1,Fuels with renewable content,3487.59361,212.7823423
"Innovation, Science and Economic Development Canada",FY 2011-12,fleets,1,Liquified petroleum gas,0.53151,0.03234714
"Innovation, Science and Economic Development Canada",FY 2011-12,fleets,1,Natural gas,0.00988,0.000563654
"Innovation, Science and Economic Development Canada",FY 2012-13,fleets,1,Gasoline,12906.915,827.148867
"Innovation, Science and Economic Development Canada",FY 2012-13,fleets,1,Fuels with renewable content,3481.78063,213.0428316
"Innovation, Science and Economic Development Canada",FY 2012-13,fleets,1,"Fuel oil (1, 2, 4, 5, 6, diesel, kerosene)",2906.7402,207.8398173
"Innovation, Science and Economic Development Canada",FY 2012-13,fleets,1,Natural gas,0.00171,9.75555E-05
"Innovation, Science and Economic Development Canada",FY 2013-14,fleets,1,Gasoline,11513.243,737.8344014
"Innovation, Science and Economic Development Canada",FY 2013-14,fleets,1,"Fuel oil (1, 2, 4, 5, 6, diesel, kerosene)",3323.25653,237.6218659
"Innovation, Science and Economic Development Canada",FY 2013-14,fleets,1,Fuels with renewable content,3180.556425,186.9828619
"Innovation, Science and Economic Development Canada",FY 2013-14,fleets,1,Liquified petroleum gas,0.255631,0.015557434
"Innovation, Science and Economic Development Canada",FY 2013-14,fleets,1,Natural gas,0.0025612,0.000146116
"Innovation, Science and Economic Development Canada",FY 2014-15,fleets,1,Gasoline,10307.283,660.5495934
"Innovation, Science and Economic Development Canada",FY 2014-15,fleets,1,"Fuel oil (1, 2, 4, 5, 6, diesel, kerosene)",3583.30204,256.215826
"Innovation, Science and Economic Development Canada",FY 2014-15,fleets,1,Fuels with renewable content,2837.184667,165.1257475
"Innovation, Science and Economic Development Canada",FY 2014-15,fleets,1,Natural gas,0.0014364,8.19466E-05
"Innovation, Science and Economic Development Canada",FY 2015-16,fleets,1,Gasoline,10542.245,675.607301
"Innovation, Science and Economic Development Canada",FY 2015-16,fleets,1,"Fuel oil (1, 2, 4, 5, 6, diesel, kerosene)",3856.0057,275.7148782
"Innovation, Science and Economic Development Canada",FY 2015-16,fleets,1,Fuels with renewable content,2436.5396,146.7088107
"Innovation, Science and Economic Development Canada",FY 2016-17,fleets,1,Gasoline,12859.735,824.125303
"Innovation, Science and Economic Development Canada",FY 2016-17,fleets,1,"Fuel oil (1, 2, 4, 5, 6, diesel, kerosene)",3741.7951,267.5485101
"Innovation, Science and Economic Development Canada",FY 2016-17,fleets,1,Fuels with renewable content,307.43534,17.6017078
"Innovation, Science and Economic Development Canada",FY 2017-18,fleets,1,gasoline,12583.5815,832.9432126
"Innovation, Science and Economic Development Canada",FY 2017-18,fleets,1,"fuel oil (1, 2, 4, 5, 6, diesel, kerosene)",3259.98876,233.0980485
"Innovation, Science and Economic Development Canada",FY 2017-18,fleets,1,fuels with renewable content,210.6771026,13.07402636
National Defence,FY 2005-06,facilities,2,electricity,3533818.635,326863.8105
National Defence,FY 2005-06,facilities,1,natural gas,5807777.175,289837.7229
National Defence,FY 2005-06,facilities,1,"fuel oil (1, 2, 4, 5, 6, diesel, kerosene)",1305193.883,96234.57209
National Defence,FY 2005-06,facilities,1,aviation fuel,386973.3868,26580.55009
National Defence,FY 2005-06,fleets,1,gasoline,408369.0282,24727.88673
National Defence,FY 2005-06,fleets,1,"fuel oil (1, 2, 4, 5, 6, diesel, kerosene)",242949.5773,17371.55448
National Defence,FY 2005-06,facilities,2,district energy,54566,4313.991651
National Defence,FY 2005-06,facilities,1,liquified petroleum gas,48244.3629,2943.634282
National Defence,FY 2005-06,fleets,1,fuels with renewable content,16127.84746,1028.324351
National Defence,FY 2005-06,fleets,1,liquified petroleum gas,2969.24265,180.7049871
National Defence,FY 2010-11,facilities,1,Natural gas,6117251.179,304903.241
National Defence,FY 2010-11,facilities,2,Electricity,3669229.178,293815.5052
National Defence,FY 2010-11,facilities,1,"Fuel oil (1, 2, 4, 5, 6, diesel, kerosene)",1286326.153,94489.4614
National Defence,FY 2010-11,fleets,1,"Fuel oil (1, 2, 4, 5, 6, diesel, kerosene)",295206.1647,20885.46075
National Defence,FY 2010-11,facilities,1,aviation fuel,296126.8869,20142.96257
National Defence,FY 2010-11,fleets,1,Gasoline,208471.34,13360.20081
National Defence,FY 2010-11,fleets,1,Fuels with renewable content,199445.536,12224.55226
National Defence,FY 2010-11,facilities,2,District energy,47393.22,3915.478509
National Defence,FY 2010-11,facilities,1,Liquified petroleum gas,41090.94673,2506.693866
National Defence,FY 2010-11,fleets,1,Liquified petroleum gas,18.90657,1.15063398
National Defence,FY 2010-11,facilities,1,Gasoline,0.5299,0.03518536
National Defence,FY 2010-11,fleets,1,Natural gas,0.00323,0.000184272
National Defence,FY 2011-12,facilities,1,Natural gas,5642097.809,281220.0868
National Defence,FY 2011-12,facilities,2,Electricity,3535686.824,255545.9685
National Defence,FY 2011-12,facilities,1,"Fuel oil (1, 2, 4, 5, 6, diesel, kerosene)",1313792.086,96486.26439
National Defence,FY 2011-12,facilities,1,aviation fuel,379031.609,25782.25704
National Defence,FY 2011-12,fleets,1,"Fuel oil (1, 2, 4, 5, 6, diesel, kerosene)",288245.8892,20340.34982
National Defence,FY 2011-12,fleets,1,Gasoline,206585.015,13239.46654
National Defence,FY 2011-12,fleets,1,Fuels with renewable content,98551.97359,6032.132163
National Defence,FY 2011-12,facilities,1,Liquified petroleum gas,48201.97852,2940.492092
National Defence,FY 2011-12,facilities,2,District energy,10934,895.382285
National Defence,FY 2011-12,fleets,1,Liquified petroleum gas,2613.53591,159.0570487
National Defence,FY 2011-12,fleets,1,aviation fuel,1047.6862,72.26309115
National Defence,FY 2011-12,fleets,1,Natural gas,0.006726,0.000383718
National Defence,FY 2012-13,facilities,1,Natural gas,5624426.074,280339.2714
National Defence,FY 2012-13,facilities,2,Electricity,3480170.882,252697.1732
National Defence,FY 2012-13,facilities,1,"Fuel oil (1, 2, 4, 5, 6, diesel, kerosene)",1585920.281,114831.6699
National Defence,FY 2012-13,fleets,1,"Fuel oil (1, 2, 4, 5, 6, diesel, kerosene)",264188.4862,18679.35758
National Defence,FY 2012-13,fleets,1,Gasoline,191689.89,12284.80751
National Defence,FY 2012-13,facilities,1,aviation fuel,80274.8364,5460.405984
National Defence,FY 2012-13,fleets,1,Fuels with renewable content,84503.02012,5164.052935
National Defence,FY 2012-13,facilities,1,Liquified petroleum gas,36539.64356,2229.048189
National Defence,FY 2012-13,fleets,1,Liquified petroleum gas,2311.96726,140.7038976
National Defence,FY 2012-13,facilities,2,District energy,1508,111.649645
National Defence,FY 2012-13,fleets,1,Natural gas,0.014592,0.000832474
National Defence,FY 2013-14,facilities,1,Natural gas,6292621.741,313644.2671
National Defence,FY 2013-14,facilities,2,Electricity,3347267.771,244934.327
National Defence,FY 2013-14,facilities,1,"Fuel oil (1, 2, 4, 5, 6, diesel, kerosene)",1261592.401,91399.8584
National Defence,FY 2013-14,facilities,1,aviation fuel,374019.3732,25441.31779
National Defence,FY 2013-14,fleets,1,"Fuel oil (1, 2, 4, 5, 6, diesel, kerosene)",255331.1307,18092.37932
National Defence,FY 2013-14,fleets,1,Gasoline,153663.23,9847.891366
National Defence,FY 2013-14,fleets,1,Fuels with renewable content,79566.28222,4860.12068
National Defence,FY 2013-14,facilities,1,Liquified petroleum gas,46169.67715,2816.514481
National Defence,FY 2013-14,fleets,1,Liquified petroleum gas,1748.79445,106.4297923
National Defence,FY 2013-14,facilities,2,District energy,1311,87.405065
National Defence,FY 2014-15,facilities,1,Natural gas,6453502.208,321663.0609
National Defence,FY 2014-15,facilities,2,Electricity,3299585.688,218559.4491
National Defence,FY 2014-15,facilities,1,"Fuel oil (1, 2, 4, 5, 6, diesel, kerosene)",1160705.569,83935.52318
National Defence,FY 2014-15,facilities,1,aviation fuel,334366.6123,22744.08186
National Defence,FY 2014-15,fleets,1,"Fuel oil (1, 2, 4, 5, 6, diesel, kerosene)",251687.5808,17831.70576
National Defence,FY 2014-15,fleets,1,Gasoline,149598.645,9587.258461
National Defence,FY 2014-15,fleets,1,Fuels with renewable content,84662.48567,5173.01736
National Defence,FY 2014-15,facilities,1,Liquified petroleum gas,34929.73622,2130.838116
National Defence,FY 2014-15,facilities,2,District energy,1456.36,95.6429532
National Defence,FY 2014-15,fleets,1,Liquified petroleum gas,1185.59633,72.15414662
National Defence,FY 2014-15,facilities,1,Gasoline,7,0.4648
National Defence,FY 2015-16,facilities,1,Natural gas,5995492.644,298834.4086
National Defence,FY 2015-16,facilities,2,Electricity,3314284.64,213049.5804
National Defence,FY 2015-16,facilities,1,"Fuel oil (1, 2, 4, 5, 6, diesel, kerosene)",762874.1053,54847.51435
National Defence,FY 2015-16,facilities,1,aviation fuel,302489.5671,20575.76093
National Defence,FY 2015-16,fleets,1,"Fuel oil (1, 2, 4, 5, 6, diesel, kerosene)",240853.1135,17044.82329
National Defence,FY 2015-16,fleets,1,Gasoline,145150.145,9302.207513
National Defence,FY 2015-16,fleets,1,Fuels with renewable content,77406.8337,4740.770804
National Defence,FY 2015-16,facilities,1,Liquified petroleum gas,52605.99106,3209.152516
National Defence,FY 2015-16,facilities,2,District energy,35307,2930.304465
National Defence,FY 2015-16,fleets,1,Liquified petroleum gas,1243.63216,75.68614624
National Defence,FY 2016-17,facilities,1,Natural gas,6160052.779,307036.6087
National Defence,FY 2016-17,facilities,2,Electricity,3356466.294,214539.4523
National Defence,FY 2016-17,facilities,1,"Fuel oil (1, 2, 4, 5, 6, diesel, kerosene)",779304.9888,56027.33738
National Defence,FY 2016-17,facilities,1,aviation fuel,295304.3786,20087.01442
National Defence,FY 2016-17,fleets,1,"Fuel oil (1, 2, 4, 5, 6, diesel, kerosene)",239558.6237,16927.78829
National Defence,FY 2016-17,fleets,1,Gasoline,144622.205,9268.381765
National Defence,FY 2016-17,fleets,1,Fuels with renewable content,70769.15408,4338.279356
National Defence,FY 2016-17,facilities,1,Liquified petroleum gas,57717.61757,3520.97991
National Defence,FY 2016-17,facilities,2,District energy,40048,3323.78376
National Defence,FY 2016-17,fleets,1,Liquified petroleum gas,804.83269,48.98127166
National Defence,FY 2017-18,facilities,1,natural gas,6087679.573,303758.7038
National Defence,FY 2017-18,facilities,2,electricity,3283006.134,131410.6531
National Defence,FY 2017-18,facilities,1,"fuel oil (1, 2, 4, 5, 6, diesel, kerosene)",693620.7471,50816.3728
National Defence,FY 2017-18,facilities,1,aviation fuel,300677.7488,20653.04808
National Defence,FY 2017-18,fleets,1,"fuel oil (1, 2, 4, 5, 6, diesel, kerosene)",216501.6272,15480.45423
National Defence,FY 2017-18,fleets,1,gasoline,145874.505,9655.85027
National Defence,FY 2017-18,fleets,1,fuels with renewable content,73453.86,4637.251472
National Defence,FY 2017-18,facilities,1,liquified petroleum gas,73138.593,4462.558043
National Defence,FY 2017-18,facilities,2,district energy,41406,3462.775071
National Defence,FY 2017-18,fleets,1,aviation fuel,1308.4016,90.24567097
National Defence,FY 2017-18,fleets,1,liquified petroleum gas,900.63104,54.81145856
National Research Council,FY 2005-06,facilities,1,natural gas,801864.0028,39788.09004
National Research Council,FY 2005-06,facilities,2,electricity,392800.418,24033.50377
National Research Council,FY 2005-06,facilities,2,district energy,83362.51,6542.310107
National Research Council,FY 2005-06,facilities,1,"fuel oil (1, 2, 4, 5, 6, diesel, kerosene)",22271.55901,1586.985491
National Research Council,FY 2005-06,fleets,1,aviation fuel,13479.16672,931.1830471
National Research Council,FY 2005-06,facilities,1,liquified petroleum gas,5957.82214,363.517071
National Research Council,FY 2005-06,facilities,1,aviation fuel,3805.5248,261.3950881
National Research Council,FY 2005-06,fleets,1,fuels with renewable content,3399.841968,209.4577772
National Research Council,FY 2005-06,fleets,1,gasoline,1978.19504,119.785242
National Research Council,FY 2005-06,fleets,1,"fuel oil (1, 2, 4, 5, 6, diesel, kerosene)",385.28651,27.54903167
National Research Council,FY 2005-06,fleets,1,liquified petroleum gas,10.546677,0.641859678
National Research Council,FY 2017-18,facilities,1,natural gas,712828.8202,35370.92333
National Research Council,FY 2017-18,facilities,2,electricity,373964.2976,9974.412339
National Research Council,FY 2017-18,facilities,2,district energy,51451.87,3630.045463
National Research Council,FY 2017-18,facilities,1,"fuel oil (1, 2, 4, 5, 6, diesel, kerosene)",22660.41558,1620.222672
National Research Council,FY 2017-18,fleets,1,aviation fuel,16879.96852,1164.880963
National Research Council,FY 2017-18,facilities,1,liquified petroleum gas,5379.377782,328.2232348
National Research Council,FY 2017-18,facilities,1,aviation fuel,3341.316,229.5093676
National Research Council,FY 2017-18,fleets,1,fuels with renewable content,1966.135076,121.1298309
National Research Council,FY 2017-18,fleets,1,gasoline,1562.59215,103.432439
National Research Council,FY 2017-18,fleets,1,"fuel oil (1, 2, 4, 5, 6, diesel, kerosene)",340.443721,24.34265049
National Research Council,FY 2017-18,fleets,1,liquified petroleum gas,1.100985,0.06700479
Natural Resources Canada,FY 2005-06,facilities,2,electricity,196219.6921,14350.01766
Natural Resources Canada,FY 2005-06,facilities,2,district energy,125460.4649,9884.815207
Natural Resources Canada,FY 2005-06,facilities,1,natural gas,166032.309,8280.622184
Natural Resources Canada,FY 2005-06,fleets,1,gasoline,25256.77275,1529.368225
Natural Resources Canada,FY 2005-06,facilities,1,"fuel oil (1, 2, 4, 5, 6, diesel, kerosene)",3735.5803,266.1169372
Natural Resources Canada,FY 2005-06,fleets,1,"fuel oil (1, 2, 4, 5, 6, diesel, kerosene)",1666.11128,119.1314807
Natural Resources Canada,FY 2005-06,fleets,1,fuels with renewable content,2541.587167,88.90652537
Natural Resources Canada,FY 2005-06,facilities,1,liquified petroleum gas,577.566607,35.24028015
Natural Resources Canada,FY 2005-06,fleets,1,liquified petroleum gas,146.72207,8.92935098
Natural Resources Canada,FY 2005-06,fleets,1,Natural gas,0.09318892,0.005316428
Natural Resources Canada,FY 2010-11,facilities,2,Electricity,200982.5374,12048.06113
Natural Resources Canada,FY 2010-11,facilities,2,District energy,132582.74,10534.38997
Natural Resources Canada,FY 2010-11,facilities,1,Natural gas,140140.9345,6985.069577
Natural Resources Canada,FY 2010-11,fleets,1,Gasoline,15061.291,965.2135918
Natural Resources Canada,FY 2010-11,facilities,1,"Fuel oil (1, 2, 4, 5, 6, diesel, kerosene)",4066.65036,290.7753036
Natural Resources Canada,FY 2010-11,facilities,1,Liquified petroleum gas,3211.38342,195.905808
Natural Resources Canada,FY 2010-11,fleets,1,"Fuel oil (1, 2, 4, 5, 6, diesel, kerosene)",2685.196557,191.5264206
Natural Resources Canada,FY 2010-11,fleets,1,Fuels with renewable content,2592.374277,40.77739004
Natural Resources Canada,FY 2010-11,fleets,1,Natural gas,0.002907,0.000165844
Natural Resources Canada,FY 2011-12,facilities,2,District energy,112297.45,8949.379958
Natural Resources Canada,FY 2011-12,facilities,2,Electricity,190988.8817,8416.372476
Natural Resources Canada,FY 2011-12,facilities,1,Natural gas,138130.6048,6884.868359
Natural Resources Canada,FY 2011-12,fleets,1,Gasoline,12741.0024,816.5162395
Natural Resources Canada,FY 2011-12,facilities,1,"Fuel oil (1, 2, 4, 5, 6, diesel, kerosene)",8194.769833,584.8318718
Natural Resources Canada,FY 2011-12,fleets,1,"Fuel oil (1, 2, 4, 5, 6, diesel, kerosene)",3517.985331,250.0791251
Natural Resources Canada,FY 2011-12,facilities,1,Liquified petroleum gas,3416.319756,208.4076532
Natural Resources Canada,FY 2011-12,fleets,1,Fuels with renewable content,2857.204005,124.6449607
Natural Resources Canada,FY 2011-12,fleets,1,Liquified petroleum gas,1.0124,0.0616136
Natural Resources Canada,FY 2012-13,facilities,2,District energy,116653.68,9266.714552
Natural Resources Canada,FY 2012-13,facilities,2,Electricity,186858.853,8431.403026
Natural Resources Canada,FY 2012-13,facilities,1,Natural gas,155002.922,7725.838273
Natural Resources Canada,FY 2012-13,fleets,1,Gasoline,9879.94,633.163012
Natural Resources Canada,FY 2012-13,facilities,1,"Fuel oil (1, 2, 4, 5, 6, diesel, kerosene)",8194.612134,586.2428316
Natural Resources Canada,FY 2012-13,fleets,1,"Fuel oil (1, 2, 4, 5, 6, diesel, kerosene)",3116.17139,222.1835875
Natural Resources Canada,FY 2012-13,facilities,1,Liquified petroleum gas,2985.97256,182.154944
Natural Resources Canada,FY 2012-13,fleets,1,Fuels with renewable content,1743.86506,90.2242323
Natural Resources Canada,FY 2012-13,fleets,1,Liquified petroleum gas,6.17564,0.37584296
Natural Resources Canada,FY 2013-14,facilities,2,District energy,119743,9514.287835
Natural Resources Canada,FY 2013-14,facilities,1,Natural gas,155439.055,7747.576528
Natural Resources Canada,FY 2013-14,facilities,2,Electricity,184813.6932,7065.657358
Natural Resources Canada,FY 2013-14,facilities,1,"Fuel oil (1, 2, 4, 5, 6, diesel, kerosene)",19172.4861,1365.294054
Natural Resources Canada,FY 2013-14,fleets,1,Gasoline,10328.675,661.920515
Natural Resources Canada,FY 2013-14,fleets,1,"Fuel oil (1, 2, 4, 5, 6, diesel, kerosene)",5504.55383,392.858106
Natural Resources Canada,FY 2013-14,facilities,1,Liquified petroleum gas,3299.96842,201.309808
Natural Resources Canada,FY 2013-14,fleets,1,Fuels with renewable content,1116.37348,15.2635734
Natural Resources Canada,FY 2014-15,facilities,2,District energy,103601.8875,8231.137302
Natural Resources Canada,FY 2014-15,facilities,1,Natural gas,150589.3885,7505.853732
Natural Resources Canada,FY 2014-15,facilities,2,Electricity,179730.3499,5854.970792
Natural Resources Canada,FY 2014-15,facilities,1,"Fuel oil (1, 2, 4, 5, 6, diesel, kerosene)",11209.74166,797.9718161
Natural Resources Canada,FY 2014-15,fleets,1,Gasoline,10704.96,686.035008
Natural Resources Canada,FY 2014-15,fleets,1,"Fuel oil (1, 2, 4, 5, 6, diesel, kerosene)",6424.4803,458.7078842
Natural Resources Canada,FY 2014-15,facilities,1,Liquified petroleum gas,1944.608797,118.6280515
Natural Resources Canada,FY 2014-15,fleets,1,Fuels with renewable content,1140.77232,15.5971656
Natural Resources Canada,FY 2015-16,facilities,1,Natural gas,196004.1405,9769.469312
Natural Resources Canada,FY 2015-16,facilities,2,Electricity,172605.7449,5446.177127
Natural Resources Canada,FY 2015-16,facilities,2,District energy,44988.11819,3605.169791
Natural Resources Canada,FY 2015-16,facilities,1,"Fuel oil (1, 2, 4, 5, 6, diesel, kerosene)",9935.9816,707.298484
Natural Resources Canada,FY 2015-16,fleets,1,Gasoline,8263.668,529.5830664
Natural Resources Canada,FY 2015-16,fleets,1,"Fuel oil (1, 2, 4, 5, 6, diesel, kerosene)",2696.309477,191.9166405
Natural Resources Canada,FY 2015-16,facilities,1,Liquified petroleum gas,1911.9174,116.63376
Natural Resources Canada,FY 2015-16,fleets,1,Fuels with renewable content,956.885046,13.08297393
Natural Resources Canada,FY 2016-17,facilities,1,Natural gas,251727.3939,12546.89337
Natural Resources Canada,FY 2016-17,facilities,2,Electricity,175843.1054,5950.634299
Natural Resources Canada,FY 2016-17,facilities,2,District energy,13333.17879,1090.292792
Natural Resources Canada,FY 2016-17,facilities,1,"Fuel oil (1, 2, 4, 5, 6, diesel, kerosene)",9943.933764,708.3549132
Natural Resources Canada,FY 2016-17,fleets,1,Gasoline,8904.1785,570.6306393
Natural Resources Canada,FY 2016-17,fleets,1,"Fuel oil (1, 2, 4, 5, 6, diesel, kerosene)",2461.944014,175.4423214
Natural Resources Canada,FY 2016-17,facilities,1,Liquified petroleum gas,1224.097143,74.67427848
Natural Resources Canada,FY 2016-17,fleets,1,Fuels with renewable content,183.098904,9.43969032
Natural Resources Canada,FY 2017-18,facilities,1,natural gas,219663.1656,10929.45373
Natural Resources Canada,FY 2017-18,facilities,2,electricity,175630.4317,5693.063464
Natural Resources Canada,FY 2017-18,facilities,2,district energy,14581.22314,1195.889441
Natural Resources Canada,FY 2017-18,facilities,1,"fuel oil (1, 2, 4, 5, 6, diesel, kerosene)",9214.456467,656.7787987
Natural Resources Canada,FY 2017-18,fleets,1,gasoline,8966.965,593.5490333
Natural Resources Canada,FY 2017-18,fleets,1,"fuel oil (1, 2, 4, 5, 6, diesel, kerosene)",1940.5844,138.7570541
Natural Resources Canada,FY 2017-18,facilities,1,liquified petroleum gas,1303.719428,79.54656197
Natural Resources Canada,FY 2017-18,fleets,1,fuels with renewable content,197.410104,13.13109617
Natural Resources Canada,FY 2017-18,fleets,1,liquified petroleum gas,0.83523,0.05083122
Parks Canada,FY 2005-06,facilities,2,electricity,169232.6668,16002.9592
Parks Canada,FY 2005-06,facilities,1,"fuel oil (1, 2, 4, 5, 6, diesel, kerosene)",85098.63051,6108.707609
Parks Canada,FY 2005-06,fleets,1,gasoline,88722.50694,5477.050518
Parks Canada,FY 2005-06,facilities,1,natural gas,86654.08798,4345.331715
Parks Canada,FY 2005-06,fleets,1,"fuel oil (1, 2, 4, 5, 6, diesel, kerosene)",55447.1781,3960.069296
Parks Canada,FY 2005-06,facilities,1,liquified petroleum gas,55069.73861,3360.085214
Parks Canada,FY 2005-06,fleets,1,fuels with renewable content,29211.80078,1799.683314
Parks Canada,FY 2005-06,fleets,1,liquified petroleum gas,2028.54588,123.4551703
Parks Canada,FY 2005-06,fleets,1,Natural gas,0.382052,0.021796067
Parks Canada,FY 2010-11,facilities,2,Electricity,170120.3976,12915.41248
Parks Canada,FY 2010-11,facilities,1,"Fuel oil (1, 2, 4, 5, 6, diesel, kerosene)",76300.8271,5469.099488
Parks Canada,FY 2010-11,fleets,1,"Fuel oil (1, 2, 4, 5, 6, diesel, kerosene)",76574.4542,5354.285999
Parks Canada,FY 2010-11,fleets,1,Gasoline,79374.47,5082.009606
Parks Canada,FY 2010-11,facilities,1,Natural gas,81983.87234,4086.336763
Parks Canada,FY 2010-11,facilities,1,Liquified petroleum gas,48818.76323,2978.118152
Parks Canada,FY 2010-11,fleets,1,Fuels with renewable content,29926.68696,1835.108687
Parks Canada,FY 2010-11,fleets,1,Liquified petroleum gas,614.14715,37.3763501
Parks Canada,FY 2010-11,fleets,1,Natural gas,0.460864,0.026292291
Parks Canada,FY 2011-12,facilities,2,Electricity,176403.1719,11230.17659
Parks Canada,FY 2011-12,fleets,1,"Fuel oil (1, 2, 4, 5, 6, diesel, kerosene)",82332.02944,5714.673174
Parks Canada,FY 2011-12,facilities,1,"Fuel oil (1, 2, 4, 5, 6, diesel, kerosene)",72774.29596,5214.823937
Parks Canada,FY 2011-12,fleets,1,Gasoline,74666.55742,4780.299666
Parks Canada,FY 2011-12,facilities,1,Natural gas,73374.78214,3657.232346
Parks Canada,FY 2011-12,facilities,1,Liquified petroleum gas,44980.15594,2743.949458
Parks Canada,FY 2011-12,fleets,1,Fuels with renewable content,28955.15285,1775.534077
Parks Canada,FY 2011-12,fleets,1,Liquified petroleum gas,0.80992,0.04929088
Parks Canada,FY 2011-12,fleets,1,Natural gas,0.23708732,0.013525832
Parks Canada,FY 2012-13,facilities,2,Electricity,165777.09,11486.69704
Parks Canada,FY 2012-13,fleets,1,"Fuel oil (1, 2, 4, 5, 6, diesel, kerosene)",70642.22776,4895.109608
Parks Canada,FY 2012-13,facilities,1,"Fuel oil (1, 2, 4, 5, 6, diesel, kerosene)",64063.16484,4586.7856
Parks Canada,FY 2012-13,fleets,1,Gasoline,70661.54706,4526.491716
Parks Canada,FY 2012-13,facilities,1,Natural gas,83775.73537,4175.648911
Parks Canada,FY 2012-13,facilities,1,Liquified petroleum gas,41556.74996,2535.10952
Parks Canada,FY 2012-13,fleets,1,Fuels with renewable content,28370.12663,1739.660187
Parks Canada,FY 2012-13,fleets,1,Liquified petroleum gas,174.626345,10.62757583
Parks Canada,FY 2012-13,fleets,1,Natural gas,0.21696632,0.012377929
Parks Canada,FY 2013-14,facilities,2,Electricity,169768.4058,10290.53617
Parks Canada,FY 2013-14,fleets,1,"Fuel oil (1, 2, 4, 5, 6, diesel, kerosene)",74750.16493,5195.050269
Parks Canada,FY 2013-14,facilities,1,"Fuel oil (1, 2, 4, 5, 6, diesel, kerosene)",65962.55868,4720.146577
Parks Canada,FY 2013-14,fleets,1,Gasoline,73138.46479,4685.570758
Parks Canada,FY 2013-14,facilities,1,Natural gas,82999.03139,4136.935517
Parks Canada,FY 2013-14,facilities,1,Liquified petroleum gas,46614.24993,2843.635002
Parks Canada,FY 2013-14,fleets,1,Fuels with renewable content,30308.2872,1858.508468
Parks Canada,FY 2013-14,fleets,1,Liquified petroleum gas,152.1989009,9.262665153
Parks Canada,FY 2013-14,fleets,1,Natural gas,0.287751124,0.016416202
Parks Canada,FY 2014-15,facilities,2,Electricity,176118.8909,9643.117254
Parks Canada,FY 2014-15,fleets,1,"Fuel oil (1, 2, 4, 5, 6, diesel, kerosene)",72217.1653,5038.388923
Parks Canada,FY 2014-15,facilities,1,"Fuel oil (1, 2, 4, 5, 6, diesel, kerosene)",65789.0231,4706.586149
Parks Canada,FY 2014-15,fleets,1,Gasoline,72340.87805,4634.460842
Parks Canada,FY 2014-15,facilities,1,Natural gas,91550.46528,4563.16616
Parks Canada,FY 2014-15,facilities,1,Liquified petroleum gas,42391.64187,2586.040895
Parks Canada,FY 2014-15,fleets,1,Fuels with renewable content,30717.86764,1883.623998
Parks Canada,FY 2014-15,fleets,1,Liquified petroleum gas,405.1392617,24.65634968
Parks Canada,FY 2014-15,fleets,1,Natural gas,0.193613154,0.01104563
Parks Canada,FY 2015-16,facilities,2,Electricity,180527.5669,10499.52803
Parks Canada,FY 2015-16,fleets,1,Gasoline,76883.66818,4927.144792
Parks Canada,FY 2015-16,facilities,1,Natural gas,91253.39074,4548.359021
Parks Canada,FY 2015-16,fleets,1,"Fuel oil (1, 2, 4, 5, 6, diesel, kerosene)",60852.69674,4280.930014
Parks Canada,FY 2015-16,facilities,1,"Fuel oil (1, 2, 4, 5, 6, diesel, kerosene)",56514.10155,4052.623366
Parks Canada,FY 2015-16,facilities,1,Liquified petroleum gas,35751.66227,2180.978528
Parks Canada,FY 2015-16,fleets,1,Fuels with renewable content,22853.20653,1401.361864
Parks Canada,FY 2015-16,fleets,1,Liquified petroleum gas,909.6624073,55.36109808
Parks Canada,FY 2015-16,fleets,1,Natural gas,0.22727952,0.012966297
Parks Canada,FY 2016-17,facilities,2,Electricity,172049.231,10102.41105
Parks Canada,FY 2016-17,fleets,1,"Fuel oil (1, 2, 4, 5, 6, diesel, kerosene)",82462.62839,5794.998498
Parks Canada,FY 2016-17,fleets,1,Gasoline,80608.29628,5165.840245
Parks Canada,FY 2016-17,facilities,1,"Fuel oil (1, 2, 4, 5, 6, diesel, kerosene)",62288.05977,4463.952746
Parks Canada,FY 2016-17,facilities,1,Natural gas,75749.05626,3775.573714
Parks Canada,FY 2016-17,facilities,1,Liquified petroleum gas,41572.76477,2536.08648
Parks Canada,FY 2016-17,fleets,1,Fuels with renewable content,24235.68932,1486.135905
Parks Canada,FY 2016-17,fleets,1,Liquified petroleum gas,471.116008,28.67162512
Parks Canada,FY 2016-17,fleets,1,Natural gas,0.00191178,0.000109067
Parks Canada,FY 2017-18,facilities,2,electricity,192256.5915,12837.9998
Parks Canada,FY 2017-18,fleets,1,gasoline,87754.28374,5810.522486
Parks Canada,FY 2017-18,fleets,1,"fuel oil (1, 2, 4, 5, 6, diesel, kerosene)",66102.58942,4645.875037
Parks Canada,FY 2017-18,facilities,1,natural gas,91180.06116,4569.383894
Parks Canada,FY 2017-18,facilities,1,"fuel oil (1, 2, 4, 5, 6, diesel, kerosene)",63238.79689,4533.506441
Parks Canada,FY 2017-18,fleets,1,fuels with renewable content,53364.79806,3509.420912
Parks Canada,FY 2017-18,facilities,1,liquified petroleum gas,49522.28231,3021.606653
Parks Canada,FY 2017-18,fleets,1,liquified petroleum gas,312.7762277,18.95322606
Parks Canada,FY 2017-18,fleets,1,Natural gas,0.82194608,0.046584443
Public Services and Procurement Canada,FY 2005-06,facilities,2,electricity,3187220.266,142912.0875
Public Services and Procurement Canada,FY 2005-06,facilities,2,district energy,1125105.725,79543.76294
Public Services and Procurement Canada,FY 2005-06,facilities,1,natural gas,972531.5065,48333.63686
Public Services and Procurement Canada,FY 2005-06,facilities,1,"fuel oil (1, 2, 4, 5, 6, diesel, kerosene)",112994.6514,8043.479294
Public Services and Procurement Canada,FY 2005-06,fleets,1,gasoline,22079.77858,1354.482116
Public Services and Procurement Canada,FY 2005-06,facilities,1,liquified petroleum gas,6996.884916,426.9155828
Public Services and Procurement Canada,FY 2005-06,fleets,1,"fuel oil (1, 2, 4, 5, 6, diesel, kerosene)",1543.32531,109.5637445
Public Services and Procurement Canada,FY 2005-06,fleets,1,fuels with renewable content,408.036702,25.21464202
Public Services and Procurement Canada,FY 2005-06,fleets,1,liquified petroleum gas,64.03040934,3.896823418
Public Services and Procurement Canada,FY 2005-06,fleets,1,Natural gas,0.041071661,0.002343138
Public Services and Procurement Canada,FY 2010-11,facilities,2,Electricity,3180126.434,91503.9979
Public Services and Procurement Canada,FY 2010-11,facilities,2,District energy,1015560.79,70973.32728
Public Services and Procurement Canada,FY 2010-11,facilities,1,Natural gas,1004604.676,50072.68996
Public Services and Procurement Canada,FY 2010-11,facilities,1,"Fuel oil (1, 2, 4, 5, 6, diesel, kerosene)",79986.6496,5693.935681
Public Services and Procurement Canada,FY 2010-11,fleets,1,Gasoline,12746.37525,816.9804658
Public Services and Procurement Canada,FY 2010-11,fleets,1,"Fuel oil (1, 2, 4, 5, 6, diesel, kerosene)",4434.112794,316.6233218
Public Services and Procurement Canada,FY 2010-11,facilities,1,Liquified petroleum gas,4662.465958,284.4270027
Public Services and Procurement Canada,FY 2010-11,fleets,1,Fuels with renewable content,1699.380803,104.0006371
Public Services and Procurement Canada,FY 2010-11,fleets,1,Natural gas,0.0010678,6.0918E-05
Public Services and Procurement Canada,FY 2011-12,facilities,2,Electricity,3093277.626,70398.50889
Public Services and Procurement Canada,FY 2011-12,facilities,2,District energy,937061.4273,65388.52713
Public Services and Procurement Canada,FY 2011-12,facilities,1,Natural gas,909361.5629,45325.47047
Public Services and Procurement Canada,FY 2011-12,facilities,1,"Fuel oil (1, 2, 4, 5, 6, diesel, kerosene)",71301.67169,5075.649928
Public Services and Procurement Canada,FY 2011-12,fleets,1,Gasoline,12316.48635,789.4851485
Public Services and Procurement Canada,FY 2011-12,facilities,1,Liquified petroleum gas,8563.68912,522.415488
Public Services and Procurement Canada,FY 2011-12,fleets,1,"Fuel oil (1, 2, 4, 5, 6, diesel, kerosene)",3485.11999,248.7994927
Public Services and Procurement Canada,FY 2011-12,fleets,1,Fuels with renewable content,2006.638694,122.5879136
Public Services and Procurement Canada,FY 2012-13,facilities,2,Electricity,3131475.101,76614.29987
Public Services and Procurement Canada,FY 2012-13,facilities,2,District energy,928906.1456,65216.77881
Public Services and Procurement Canada,FY 2012-13,facilities,1,Natural gas,1006242.327,50154.31565
Public Services and Procurement Canada,FY 2012-13,facilities,1,"Fuel oil (1, 2, 4, 5, 6, diesel, kerosene)",69987.34995,4993.908327
Public Services and Procurement Canada,FY 2012-13,fleets,1,Gasoline,10387.3014,665.1048351
Public Services and Procurement Canada,FY 2012-13,facilities,1,Liquified petroleum gas,9683.393132,590.7214143
Public Services and Procurement Canada,FY 2012-13,fleets,1,"Fuel oil (1, 2, 4, 5, 6, diesel, kerosene)",3791.06422,270.5962366
Public Services and Procurement Canada,FY 2012-13,fleets,1,Fuels with renewable content,1677.170444,73.86351554
Public Services and Procurement Canada,FY 2013-14,facilities,2,District energy,874037.1204,62507.68902
Public Services and Procurement Canada,FY 2013-14,facilities,1,Natural gas,1215554.745,60587.11186
Public Services and Procurement Canada,FY 2013-14,facilities,2,Electricity,3176501.937,58115.50451
Public Services and Procurement Canada,FY 2013-14,facilities,1,"Fuel oil (1, 2, 4, 5, 6, diesel, kerosene)",70938.48052,5049.795959
Public Services and Procurement Canada,FY 2013-14,facilities,1,Liquified petroleum gas,10222.60964,623.6155389
Public Services and Procurement Canada,FY 2013-14,fleets,1,Gasoline,9287.9171,594.9200029
Public Services and Procurement Canada,FY 2013-14,fleets,1,"Fuel oil (1, 2, 4, 5, 6, diesel, kerosene)",4797.332759,341.8820582
Public Services and Procurement Canada,FY 2013-14,fleets,1,Fuels with renewable content,2185.080593,133.5186265
Public Services and Procurement Canada,FY 2014-15,facilities,1,Natural gas,1258692.587,62737.23899
Public Services and Procurement Canada,FY 2014-15,facilities,2,District energy,855759.9299,61626.49561
Public Services and Procurement Canada,FY 2014-15,facilities,2,Electricity,3072688.883,44241.83765
Public Services and Procurement Canada,FY 2014-15,facilities,1,"Fuel oil (1, 2, 4, 5, 6, diesel, kerosene)",71033.3931,5056.552364
Public Services and Procurement Canada,FY 2014-15,fleets,1,Gasoline,11668.755,747.813403
Public Services and Procurement Canada,FY 2014-15,facilities,1,Liquified petroleum gas,9793.935999,597.4649223
Public Services and Procurement Canada,FY 2014-15,fleets,1,"Fuel oil (1, 2, 4, 5, 6, diesel, kerosene)",1859.73832,132.1780159
Public Services and Procurement Canada,FY 2014-15,fleets,1,Fuels with renewable content,1424.43616,19.5642828
Public Services and Procurement Canada,FY 2014-15,fleets,1,Liquified petroleum gas,0.02531,0.00154034
Public Services and Procurement Canada,FY 2015-16,facilities,1,electricity,2896507,69370.08
Public Services and Procurement Canada,FY 2015-16,facilities,1,district energy,798450.05,55860.26
Public Services and Procurement Canada,FY 2015-16,facilities,1,natural gas,1031403.96,51300.62
Public Services and Procurement Canada,FY 2015-16,facilities,2,"fuel oil (1, 2, 4, 5, 6, diesel, kerosene)",62915.77,4434.92
Public Services and Procurement Canada,FY 2015-16,fleets,1,Gasoline,10932.53,700.618994
Public Services and Procurement Canada,FY 2015-16,facilities,2,liquified petroleum gas,9705,592.05
Public Services and Procurement Canada,FY 2015-16,fleets,1,"Fuel oil (1, 2, 4, 5, 6, diesel, kerosene)",3359.9441,240.2451268
Public Services and Procurement Canada,FY 2016-17,facilities,2,District energy,815928.2897,56953.29473
Public Services and Procurement Canada,FY 2016-17,facilities,1,Natural gas,1072775.296,53470.53029
Public Services and Procurement Canada,FY 2016-17,facilities,2,Electricity,2899654.445,41426.49214
Public Services and Procurement Canada,FY 2016-17,facilities,1,"Fuel oil (1, 2, 4, 5, 6, diesel, kerosene)",63064.96427,4489.31524
Public Services and Procurement Canada,FY 2016-17,fleets,1,Gasoline,10243.03,656.431894
Public Services and Procurement Canada,FY 2016-17,facilities,1,Liquified petroleum gas,9416.595763,574.4458261
Public Services and Procurement Canada,FY 2016-17,fleets,1,"Fuel oil (1, 2, 4, 5, 6, diesel, kerosene)",3099.6573,221.6339138
Public Services and Procurement Canada,FY 2017-18,facilities,1,natural gas,1005683.149,49966.75507
Public Services and Procurement Canada,FY 2017-18,facilities,2,district energy,833160.9169,45127.04487
Public Services and Procurement Canada,FY 2017-18,facilities,2,electricity,2682356.74,28230.59025
Public Services and Procurement Canada,FY 2017-18,facilities,1,"fuel oil (1, 2, 4, 5, 6, diesel, kerosene)",57911.06566,4122.34697
Public Services and Procurement Canada,FY 2017-18,fleets,1,gasoline,10344.215,684.7131458
Public Services and Procurement Canada,FY 2017-18,facilities,1,liquified petroleum gas,8489.784173,518.0049696
Public Services and Procurement Canada,FY 2017-18,fleets,1,"fuel oil (1, 2, 4, 5, 6, diesel, kerosene)",2247.1376,160.6764403
Public Services and Procurement Canada,FY 2017-18,fleets,1,fuels with renewable content,46.11482,0.6482676
Royal Canadian Mounted Police,FY 2005-06,fleets,1,gasoline,67263.31244,4072.98168
Royal Canadian Mounted Police,FY 2005-06,fleets,1,fuels with renewable content,1161.575627,71.02426072
Royal Canadian Mounted Police,FY 2005-06,fleets,1,"fuel oil (1, 2, 4, 5, 6, diesel, kerosene)",428.929428,30.66961882
Royal Canadian Mounted Police,FY 2005-06,fleets,1,liquified petroleum gas,11.72186268,0.713380244
Royal Canadian Mounted Police,FY 2005-06,fleets,1,Natural gas,0.04584933,0.002615704
Royal Canadian Mounted Police,FY 2017-18,fleets,1,gasoline,16006.4275,1059.511169
Royal Canadian Mounted Police,FY 2017-18,fleets,1,"fuel oil (1, 2, 4, 5, 6, diesel, kerosene)",683.97672,48.90619275
Royal Canadian Mounted Police,FY 2017-18,fleets,1,fuels with renewable content,73.158181,1.43978631
Transport Canada,FY 2005-06,fleets,1,"fuel oil (1, 2, 4, 5, 6, diesel, kerosene)",574779.8274,40591.25186
Transport Canada,FY 2005-06,fleets,1,aviation fuel,196710.3931,13580.84617
Transport Canada,FY 2005-06,fleets,1,gasoline,28914.86297,1757.164149
Transport Canada,FY 2005-06,facilities,2,electricity,94426.48603,1724.546091
Transport Canada,FY 2005-06,facilities,1,"fuel oil (1, 2, 4, 5, 6, diesel, kerosene)",22321.67032,1606.303535
Transport Canada,FY 2005-06,facilities,1,natural gas,18562.41222,923.7253013
Transport Canada,FY 2005-06,facilities,1,liquified petroleum gas,3250.89233,198.3534974
Transport Canada,FY 2005-06,fleets,1,liquified petroleum gas,2032.81302,123.714864
Transport Canada,FY 2005-06,fleets,1,fuels with renewable content,94.241785,1.3248213
Transport Canada,FY 2005-06,fleets,1,Natural gas,0.0398145,0.002271417
Transport Canada,FY 2010-11,fleets,1,"Fuel oil (1, 2, 4, 5, 6, diesel, kerosene)",553626.4537,39095.47589
Transport Canada,FY 2010-11,fleets,1,aviation fuel,152874.6709,10547.50791
Transport Canada,FY 2010-11,facilities,1,"Fuel oil (1, 2, 4, 5, 6, diesel, kerosene)",21241.4471,1520.833534
Transport Canada,FY 2010-11,fleets,1,Gasoline,22231.01055,1424.76211
Transport Canada,FY 2010-11,facilities,2,Electricity,55260.4248,255.8242574
Transport Canada,FY 2010-11,fleets,1,Fuels with renewable content,2686.654623,162.6550235
Transport Canada,FY 2010-11,facilities,1,Liquified petroleum gas,2476.63412,151.083488
Transport Canada,FY 2010-11,facilities,1,Natural gas,2554.4289,127.320855
Transport Canada,FY 2010-11,fleets,1,Liquified petroleum gas,1887.6198,114.8785572
Transport Canada,FY 2011-12,fleets,1,"Fuel oil (1, 2, 4, 5, 6, diesel, kerosene)",570732.8495,40304.99616
Transport Canada,FY 2011-12,fleets,1,aviation fuel,87143.40032,6010.836566
Transport Canada,FY 2011-12,fleets,1,Gasoline,18741.7685,1201.148177
Transport Canada,FY 2011-12,facilities,1,"Fuel oil (1, 2, 4, 5, 6, diesel, kerosene)",16695.02476,1198.273414
Transport Canada,FY 2011-12,facilities,2,Electricity,56146.20538,242.7666239
Transport Canada,FY 2011-12,fleets,1,Fuels with renewable content,3065.106225,187.1118304
Transport Canada,FY 2011-12,facilities,1,Liquified petroleum gas,3059.718307,186.6536968
Transport Canada,FY 2011-12,facilities,1,Natural gas,2997.90056,149.424892
Transport Canada,FY 2011-12,fleets,1,Liquified petroleum gas,2032.82327,123.7154878
Transport Canada,FY 2012-13,fleets,1,"Fuel oil (1, 2, 4, 5, 6, diesel, kerosene)",548485.6567,38732.1363
Transport Canada,FY 2012-13,fleets,1,aviation fuel,95944.1648,6617.651284
Transport Canada,FY 2012-13,facilities,1,"Fuel oil (1, 2, 4, 5, 6, diesel, kerosene)",19504.5157,1402.233284
Transport Canada,FY 2012-13,fleets,1,Gasoline,15204.85995,974.4828665
Transport Canada,FY 2012-13,facilities,2,Electricity,52359.69031,257.8346098
Transport Canada,FY 2012-13,fleets,1,Fuels with renewable content,2855.681978,173.967571
Transport Canada,FY 2012-13,facilities,1,Liquified petroleum gas,2620.36961,159.851864
Transport Canada,FY 2012-13,facilities,1,Natural gas,2854.9612,142.30034
Transport Canada,FY 2012-13,fleets,1,Liquified petroleum gas,1887.6198,114.8785572
Transport Canada,FY 2013-14,fleets,1,"Fuel oil (1, 2, 4, 5, 6, diesel, kerosene)",542509.4297,38310.70731
Transport Canada,FY 2013-14,fleets,1,aviation fuel,138026.0464,9520.20631
Transport Canada,FY 2013-14,facilities,1,"Fuel oil (1, 2, 4, 5, 6, diesel, kerosene)",18763.53717,1355.432876
Transport Canada,FY 2013-14,fleets,1,Gasoline,15024.38462,962.9377599
Transport Canada,FY 2013-14,facilities,2,Electricity,52152.7932,249.8061046
Transport Canada,FY 2013-14,fleets,1,Fuels with renewable content,3142.641989,192.054947
Transport Canada,FY 2013-14,facilities,1,Liquified petroleum gas,2815.497055,171.755332
Transport Canada,FY 2013-14,facilities,1,Natural gas,3278.947042,163.4331419
Transport Canada,FY 2013-14,fleets,1,Liquified petroleum gas,1887.61209,114.878088
Transport Canada,FY 2014-15,fleets,1,"Fuel oil (1, 2, 4, 5, 6, diesel, kerosene)",556205.1164,39276.40555
Transport Canada,FY 2014-15,fleets,1,aviation fuel,122033.055,8417.10598
Transport Canada,FY 2014-15,facilities,1,"Fuel oil (1, 2, 4, 5, 6, diesel, kerosene)",24579.90934,1770.630498
Transport Canada,FY 2014-15,fleets,1,Gasoline,14544.28395,932.1726137
Transport Canada,FY 2014-15,facilities,2,Electricity,49834.50372,222.697866
Transport Canada,FY 2014-15,facilities,1,Liquified petroleum gas,3199.953424,195.2085376
Transport Canada,FY 2014-15,fleets,1,Fuels with renewable content,3069.844081,187.6785219
Transport Canada,FY 2014-15,facilities,1,Natural gas,2616.934262,130.4363209
Transport Canada,FY 2014-15,fleets,1,Liquified petroleum gas,1887.6198,114.8785572
Transport Canada,FY 2015-16,fleets,1,"Fuel oil (1, 2, 4, 5, 6, diesel, kerosene)",522954.7915,36962.90805
Transport Canada,FY 2015-16,fleets,1,aviation fuel,53304.2752,3676.608222
Transport Canada,FY 2015-16,facilities,1,"Fuel oil (1, 2, 4, 5, 6, diesel, kerosene)",26232.98224,1896.706558
Transport Canada,FY 2015-16,fleets,1,Gasoline,14242.66025,912.7510554
Transport Canada,FY 2015-16,facilities,2,Electricity,52204.926,235.6075613
Transport Canada,FY 2015-16,fleets,1,Fuels with renewable content,3142.641989,192.054947
Transport Canada,FY 2015-16,facilities,1,Liquified petroleum gas,2732.3084,166.6805282
Transport Canada,FY 2015-16,facilities,1,Natural gas,3055.846682,152.3131109
Transport Canada,FY 2016-17,fleets,1,"Fuel oil (1, 2, 4, 5, 6, diesel, kerosene)",651656.311,46023.38265
Transport Canada,FY 2016-17,fleets,1,aviation fuel,56735.1268,3913.247726
Transport Canada,FY 2016-17,facilities,1,"Fuel oil (1, 2, 4, 5, 6, diesel, kerosene)",28628.61666,2066.9513
Transport Canada,FY 2016-17,fleets,1,Gasoline,25784.40024,1652.512455
Transport Canada,FY 2016-17,fleets,1,Fuels with renewable content,5873.081895,354.7513078
Transport Canada,FY 2016-17,facilities,1,Natural gas,3956.823693,197.2206687
Transport Canada,FY 2016-17,facilities,1,Liquified petroleum gas,2941.30041,179.429784
Transport Canada,FY 2016-17,facilities,2,Electricity,54750.8856,144.4480684
Transport Canada,FY 2017-18,fleets,1,"fuel oil (1, 2, 4, 5, 6, diesel, kerosene)",571114.8379,40895.36118
Transport Canada,FY 2017-18,fleets,1,aviation fuel,167204.554,11532.764
Transport Canada,FY 2017-18,facilities,1,"fuel oil (1, 2, 4, 5, 6, diesel, kerosene)",26968.97248,1936.461684
Transport Canada,FY 2017-18,fleets,1,gasoline,20377.66231,1349.490933
Transport Canada,FY 2017-18,facilities,1,natural gas,18150.42195,903.9177571
Transport Canada,FY 2017-18,facilities,2,electricity,89083.25791,802.1757736
Transport Canada,FY 2017-18,facilities,1,liquified petroleum gas,2928.253105,178.6676351
Transport Canada,FY 2017-18,fleets,1,fuels with renewable content,1888.766343,26.55168174
